GTA06,Prediction
1,RY
2,RY
3,RY
4,RY
5,SG
6,RY
7,RY
8,RY
9,SG
10,SG
11,SG
12,SG
13,SG
14,SC
15,SG
16,SG
17,RY
18,SG
19,RY
20,SG
21,SG
22,RY
23,SG
24,RY
25,SG
26,SG
27,SG
28,SG
29,SG
30,SG
31,SG
32,RY
33,SG
34,SG
35,SG
36,SG
37,RY
38,RY
39,RY
40,SG
41,SG
42,SG
43,SG
44,SG
45,SG
46,SG
47,SG
48,SG
49,SG
50,SG
51,SG
52,SG
53,SG
54,SG
55,SG
56,RY
57,RY
58,RY
59,SG
60,SG
61,RY
62,SG
63,SG
64,SG
65,SG
66,SG
67,SG
68,SG
69,SG
70,SG
71,SG
72,SG
73,SG
74,SG
75,SG
76,SG
77,SG
78,SG
79,SG
80,SG
81,RY
82,SG
83,MI
84,SG
85,SG
86,SG
87,RY
88,RY
89,SG
90,SG
91,SG
92,SG
93,SG
94,SG
95,SG
96,SG
97,SG
98,SG
99,SG
100,SG
101,SG
102,SG
103,SG
104,SG
105,SG
106,SG
107,SG
108,RY
109,SG
110,SG
111,SG
112,SG
113,SG
114,SG
115,SG
116,SG
117,SG
118,SG
119,SG
120,SG
121,SG
122,SG
123,SG
124,SG
125,SG
126,YK
127,SG
128,SG
129,YK
130,RY
131,YK
132,SG
133,YK
134,YK
135,RY
136,YK
137,SG
138,YK
139,YK
140,SG
141,SG
142,YK
143,SG
144,YK
145,SG
146,YK
147,SG
148,YK
149,SG
150,RY
151,YK
152,YK
153,RY
154,RY
155,SG
156,RY
157,RY
158,SG
159,SG
160,SG
161,SG
162,RY
163,YK
164,SG
165,SG
166,SG
167,SG
168,SG
169,SG
170,SG
171,SG
172,SG
173,SG
174,SG
175,SG
176,SG
177,SG
178,SG
179,YK
180,YG
181,YK
182,YK
183,SG
184,SG
185,SG
186,SG
187,SG
188,SG
189,SG
190,YK
191,SG
192,SG
193,SG
194,SG
195,SG
196,SG
197,SG
198,SG
199,YK
200,SG
201,SG
202,SG
203,SG
204,SG
205,SG
206,SG
207,RY
208,SG
209,SG
210,SG
211,SG
212,SG
213,SG
214,SG
215,YG
216,SG
217,SG
218,YG
219,SG
220,SG
221,SG
222,SG
223,RY
224,RY
225,SG
226,YG
227,YG
228,SG
229,SG
230,SG
231,SG
232,SG
233,YK
234,SG
235,SG
236,SG
237,SG
238,SG
239,SG
240,SG
241,SG
242,RY
243,SG
244,SG
245,RY
246,RY
247,RY
248,RY
249,RY
250,SG
251,SG
252,SG
253,RY
254,SG
255,SG
256,RY
257,SG
258,SG
259,SG
260,SG
261,RY
262,SG
263,SG
264,SG
265,SG
266,RY
267,RY
268,SG
269,SG
270,SG
271,SG
272,SG
273,SG
274,SG
275,SG
276,SG
277,SG
278,SG
279,SG
280,SG
281,SG
282,RY
283,SG
284,SG
285,SG
286,SG
287,SG
288,SG
289,SG
290,SG
291,SG
292,RY
293,SG
294,RY
295,SG
296,RY
297,SG
298,SG
299,MI
300,SG
301,SG
302,SG
303,SG
304,SG
305,SG
306,SG
307,YK
308,SG
309,SG
310,SG
311,SG
312,SG
313,SG
314,SG
315,SG
316,SG
317,YK
318,OC
319,RY
320,SG
321,SG
322,SG
323,SG
324,RY
325,SG
326,RY
327,RY
328,RY
329,SG
330,SG
331,RY
332,YK
333,YK
334,SG
335,SG
336,RY
337,RY
338,SG
339,SG
340,SG
341,SG
342,SG
343,SG
344,SG
345,RY
346,SG
347,YK
348,RY
349,YK
350,SG
351,RY
352,SG
353,YK
354,YK
355,RY
356,SG
357,MI
358,MI
359,SG
360,YK
361,YK
362,RY
363,RY
364,YK
365,SG
366,YK
367,YK
368,SG
369,SG
370,YK
371,YK
372,YK
373,YK
374,RY
375,YK
376,YK
377,SG
378,YK
379,YK
380,YK
381,YK
382,YK
383,SG
384,YK
385,RY
386,YK
387,SG
388,MI
389,YK
390,YK
391,YK
392,YK
393,SG
394,SG
395,YK
396,YK
397,YK
398,YK
399,YK
400,YK
401,YK
402,SG
403,SG
404,YK
405,SG
406,YK
407,SG
408,YG
409,OC
410,SG
411,YK
412,YK
413,YK
414,YK
415,RY
416,YK
417,YK
418,YK
419,YK
420,YK
421,SG
422,YK
423,RY
424,SG
425,SG
426,YK
427,YK
428,SG
429,YK
430,YK
431,YK
432,YK
433,YK
434,RY
435,YK
436,YK
437,SG
438,SG
439,RY
440,SG
441,SG
442,SG
443,SG
444,YK
445,SG
446,YK
447,YK
448,SG
449,RY
450,SG
451,SG
452,YK
453,SG
454,SG
455,SG
456,SG
457,SG
458,SG
459,SG
460,YK
461,YK
462,SG
463,YK
464,SG
465,RY
466,RY
467,YK
468,SG
469,SG
470,SG
471,RY
472,YK
473,SG
474,SG
475,SG
476,SG
477,RY
478,RY
479,YK
480,SG
481,SG
482,SG
483,SG
484,SG
485,SC
486,RY
487,YK
488,SG
489,SC
490,SC
491,SC
492,YK
493,SC
494,SC
495,SC
496,SC
497,SC
498,SC
499,SG
500,SG
501,SC
502,SG
503,SG
504,SG
505,SC
506,RY
507,SG
508,RY
509,SC
510,SC
511,RY
512,SC
513,SC
514,RY
515,SG
516,YK
517,SC
518,RY
519,SG
520,SC
521,SG
522,YK
523,YK
524,RY
525,SG
526,RY
527,SG
528,SG
529,RY
530,RY
531,SG
532,SG
533,RY
534,SG
535,SC
536,SG
537,YK
538,SG
539,YK
540,SG
541,SC
542,RY
543,SG
544,SG
545,SG
546,SG
547,YK
548,SG
549,SC
550,SC
551,OC
552,RY
553,YK
554,RY
555,SG
556,SC
557,SC
558,SG
559,RY
560,SC
561,SC
562,SC
563,SC
564,SC
565,SC
566,SC
567,SC
568,SC
569,SG
570,RY
571,SC
572,SC
573,SC
574,SC
575,SG
576,SC
577,YK
578,RY
579,SG
580,YK
581,RY
582,SG
583,SG
584,RY
585,YK
586,SG
587,RY
588,SG
589,SG
590,SG
591,SC
592,RY
593,SG
594,SC
595,YK
596,SG
597,SG
598,YK
599,RY
600,YK
601,SC
602,YK
603,RY
604,YK
605,SC
606,SG
607,SC
608,SC
609,RY
610,SG
611,SC
612,SC
613,RY
614,SG
615,SG
616,SC
617,SC
618,SC
619,SC
620,RY
621,SC
622,YK
623,YK
624,RY
625,SC
1001,YK
1002,SG
1003,YK
1004,RY
1005,SC
1006,RY
1007,SG
1008,SC
1009,YK
1010,RY
1011,SG
1012,SG
1013,YK
1014,SG
1015,RY
1016,SC
1017,SG
1018,SC
1019,SG
1020,SG
1021,SC
1022,YK
1023,SG
1024,SG
1025,SG
1026,RY
1027,SG
1028,SC
1029,SC
1030,YK
1031,SG
1032,SC
1033,YK
1034,RY
1035,SG
1036,SC
1037,SC
1038,SC
1039,RY
1040,YG
1041,RY
1042,SC
1043,RY
1044,RY
1045,SG
1046,SC
1047,SC
1048,RY
1049,RY
1050,SG
1051,SC
1052,RY
1053,SG
1054,RY
1055,RY
1056,SG
1057,SG
1058,YK
1059,SG
1060,SG
1061,YK
1062,SG
1063,SG
1064,SC
1065,RY
1066,SG
1067,YK
1068,RY
1069,RY
1070,SG
1071,YK
1072,SC
1073,RY
1074,SG
1075,RY
1076,RY
1077,RY
1078,SG
1079,SG
1080,SG
1081,RY
1082,SC
1083,SC
1084,SC
1085,SC
1086,RY
1087,RY
1088,YG
1089,SG
1090,SG
1091,YK
1092,YK
1093,SG
1094,SG
1095,SG
1096,SC
1097,YK
1098,RY
1099,SG
1100,YK
1101,SC
1102,SG
1103,SG
1104,YK
1105,SG
1106,SG
1107,OC
1108,RY
1109,SG
1110,SG
1111,SG
1112,SC
1113,RY
1114,SG
1115,OC
1116,RY
1117,SG
1118,OC
1119,YK
1120,SG
1121,SG
1122,RY
1123,SG
1124,SC
1125,SC
1126,RY
1127,RY
1128,SC
1129,RY
1130,SG
1131,SG
1132,SG
1133,SG
1134,SG
1135,SG
1136,SC
1137,SG
1138,SG
1139,SG
1140,SG
1141,SC
1142,RY
1143,RY
1144,SG
1145,RY
1146,RY
1147,RY
1148,SG
1149,SG
1150,RY
1151,SG
1152,SG
1153,SG
1154,SG
1155,RY
1156,SG
1157,SC
1158,RY
1159,SG
1160,SG
1161,YK
1162,SG
1163,SG
1164,SG
1165,RY
1166,YK
1167,YG
1168,YK
1169,SG
1170,SG
1171,RY
1172,SG
1173,YK
1174,YK
1175,YK
1176,YK
1177,YG
1178,RY
1179,YK
1180,YG
1181,SG
1182,YK
1183,SG
1184,YK
1185,RY
1186,SG
1187,YK
1188,YK
1189,SC
1190,SG
1191,YK
1192,YK
1193,SG
1194,SG
1195,YK
1196,RY
1197,RY
1198,YK
1199,SG
1200,RY
1201,RY
1202,SG
1203,YK
1204,YG
1205,SG
1206,YK
1207,YK
1208,RY
1209,SG
1210,SG
1211,RY
1212,SG
1213,SG
1214,RY
1215,SC
1216,SG
1217,SG
1218,SC
1219,SG
1220,SG
1221,SG
1222,SC
1223,OC
1224,SG
1225,OC
1226,SG
1227,OC
1228,OC
1229,OC
1230,SC
1231,SC
1232,SG
1233,SG
1234,SG
1235,SG
1236,SG
1237,SG
1238,SG
1239,SC
1240,SC
1241,RY
1242,YK
1243,SG
1244,RY
1245,SG
1246,SG
1247,RY
1248,YK
1249,RY
1250,YK
1251,SC
1252,YK
1253,SC
1254,YK
1255,SC
1256,SC
1257,SG
1258,OC
1259,YK
1260,SG
1261,YK
1262,YK
1263,YK
1264,SG
1265,SG
1266,SC
1267,SG
1268,SC
1269,YK
1270,SG
1271,SG
1272,SG
1273,YK
1274,YK
1275,SG
1276,YK
1277,YK
1278,YK
1279,SG
1280,YK
1281,SC
1282,SG
1283,SG
1284,SG
1285,SG
1286,SG
1287,OC
1288,SG
1289,SG
1290,SG
1291,YK
1292,YK
1293,OC
1294,YK
1295,SC
1296,SC
1297,SG
1298,YK
1299,SG
1300,RY
1301,SG
1302,SG
1303,SG
1304,SG
1305,YK
1306,YK
1307,YK
1308,YK
1309,YK
1310,YK
1311,YK
1312,YK
1313,YK
1314,RY
1315,RY
1316,OC
1317,SG
1318,SC
1319,SG
1320,YK
1321,SG
1322,SC
1323,YK
1324,YK
1325,YK
1326,YK
1327,YK
1328,YK
1329,YK
1330,YK
1331,YK
1332,YK
1333,YK
1334,SG
2001,YK
2002,SC
2003,YK
2004,YK
2005,YK
2006,SG
2007,YK
2008,YK
2009,YK
2010,YK
2011,YK
2012,YK
2013,SG
2014,RY
2015,YK
2016,YK
2017,YK
2018,YK
2019,YK
2020,YK
2021,RY
2022,YK
2023,YK
2024,YK
2025,YK
2026,YK
2027,YK
2028,YK
2029,RY
2030,YK
2031,YK
2032,YK
2033,RY
2034,RY
2035,YK
2036,YK
2037,SG
2038,SG
2039,SG
2040,YK
2041,SG
2042,SG
2043,SG
2044,RY
2045,YK
2046,RY
2047,YK
2048,YK
2049,YK
2050,YK
2051,YK
2052,YK
2053,YK
2054,SG
2055,YK
2056,YK
2057,YK
2058,YK
2059,YK
2060,YK
2061,SG
2062,YK
2063,YK
2064,YK
2065,YK
2066,YK
2067,YK
2068,YK
2069,YK
2070,YK
2071,YK
2072,YK
2073,YK
2074,YK
2075,YK
2076,YK
2077,YK
2078,YK
2079,YK
2080,YK
2081,SG
2082,YK
2083,RY
2084,YK
2085,RY
2086,YK
2087,YK
2088,YK
2089,YK
2090,YK
2091,YK
2092,YK
2093,SG
2094,SG
2095,SG
2096,RY
2097,RY
2098,YK
2099,YK
2100,SG
2101,YK
2102,RY
2103,YK
2104,YK
2105,YK
2106,YK
2107,SG
2108,YK
2109,YK
2110,YK
2111,YK
2112,SG
2113,YK
2114,YK
2115,YK
2116,RY
2117,SG
2118,YK
2119,SG
2120,YK
2121,YK
2122,RY
2123,YK
2124,YK
2125,YK
2126,SG
2127,RY
2128,YK
2129,YK
2130,RY
2131,YK
2132,YK
2133,SG
2134,RY
2135,YK
2136,SG
2137,SG
2138,SC
2139,SG
2140,YK
2141,YK
2142,YK
2143,RY
2144,SG
2145,RY
2201,RY
2202,SG
2203,RY
2204,SG
2205,RY
2206,YK
2207,YK
2208,RY
2209,RY
2210,YK
2211,SG
2212,YK
2213,SG
2214,SC
2215,RY
2216,YK
2217,YK
2218,YK
2219,SC
2220,YK
2221,YK
2222,YK
2223,YK
2224,SG
2225,SG
2226,SG
2227,YK
2228,YK
2229,YK
2230,YK
2231,SG
2232,SG
2233,YK
2234,YK
2235,YK
2236,YK
2237,YK
2238,YK
2239,YK
2240,YK
2241,YK
2242,YK
2243,YK
2244,YK
2245,YK
2246,YK
2247,YK
2248,SG
2249,YK
2250,RY
2251,SG
2252,RY
2253,SG
2254,SG
2255,SG
2256,SG
2257,YK
2258,YK
2259,RY
2260,RY
2261,RY
2262,RY
2263,SG
2264,SG
2265,YK
2266,YK
2267,SG
2268,RY
2269,RY
2270,RY
2271,SG
2272,YK
2351,YK
2352,YK
2353,SG
2354,SC
2355,YK
2356,YK
2357,YK
2358,SG
2359,RY
2360,RY
2361,SG
2362,SG
2363,RY
2364,SG
2365,YK
2366,SG
2367,YK
2368,SG
2369,RY
2370,RY
2371,YK
2372,RY
2373,RY
2374,OC
2375,RY
2376,RY
2377,SG
2378,SG
2379,SG
2380,YK
2381,SG
2382,RY
2383,YK
2384,SC
2385,SC
2386,SG
2387,SG
2388,SG
2389,YK
2390,YK
2391,SG
2392,SG
2393,YK
2394,RY
2395,SC
2396,SG
2397,YK
2398,RY
2399,RY
2400,RY
2401,YK
2402,YK
2403,YK
2404,SG
2405,YK
2406,SC
2407,SG
2408,YK
2409,SG
2410,SG
2411,YK
2412,SC
2413,SG
2414,YK
2415,YK
2416,YK
2417,SG
2418,YK
2419,RY
2420,RY
2421,YK
2422,SC
2423,SG
2424,SG
2425,RY
2426,RY
2427,RY
2428,RY
2429,OC
2430,SG
2431,SC
2432,SC
2433,SG
2434,SC
2435,SG
2436,SG
2437,RY
2438,RY
2439,YK
2440,SG
2441,RY
2442,RY
2443,YK
2444,SC
2445,RY
2446,RY
2447,RY
2448,SC
2449,YK
2450,YK
2451,RY
2452,RY
2453,SC
2454,SG
2455,YK
2456,SG
2457,SC
2458,YK
2459,SG
2460,RY
2551,SG
2552,RY
2553,SG
2554,YK
2555,YK
2556,YK
2557,YG
2558,SG
2559,YG
2560,SG
2561,SG
2562,SG
2563,RY
2564,YK
2565,SG
2566,SG
2567,OC
2568,OC
2569,YK
2570,RY
2571,RY
2572,RY
2573,OC
2574,SG
2601,RY
2602,YK
2603,SG
2604,YK
2605,RY
2606,SG
2607,SG
2608,RY
2609,YK
2610,YK
2611,RY
2612,RY
2613,RY
2614,SG
2615,YK
2616,RY
2617,MI
2618,YK
2619,YK
2620,YK
2621,YK
2622,YK
2623,SC
2624,YK
2625,SG
2651,YK
2652,RY
2653,SG
2654,YK
2655,RY
2656,SG
2657,YK
2658,SG
2659,YK
2660,SG
2661,RY
2662,RY
2663,RY
2664,YK
2665,YK
2666,YK
2667,YK
2668,RY
2669,YK
2670,RY
2671,SG
2672,SG
2673,SC
2674,SG
2701,SG
2702,YK
2703,RY
2704,RY
2705,SG
2706,OC
2707,RY
2708,SC
2709,SC
2710,SG
2711,SG
2712,RY
2713,RY
2714,OC
2715,SC
2716,RY
2717,YK
2718,SG
2751,SG
2752,SG
2753,RY
2754,YK
2755,RY
2756,YK
2757,RY
2758,RY
2759,SC
2760,RY
2761,SG
2762,SG
2763,YK
2764,YK
2765,YK
2766,SG
2767,SG
2768,RY
2769,SG
2770,SC
2771,RY
2772,RY
2773,SG
2774,SG
2775,SG
2776,SG
2777,YK
2778,OC
2779,SC
2780,YK
2781,SG
2782,YK
2783,YK
2851,YK
2852,YK
2853,SG
2854,SG
2855,YK
2856,RY
2857,RY
2858,RY
2859,YK
2860,RY
2861,YK
2862,YK
2863,YK
2864,YK
2865,YK
2866,YK
2867,YK
2868,YK
2869,YK
2870,YK
2871,RY
2872,YK
2873,SG
2874,SG
2875,SG
2876,SG
2877,RY
3001,RY
3002,RY
3003,YK
3004,RY
3005,YK
3006,YK
3007,YK
3008,YK
3009,YK
3010,SG
3011,YK
3012,YK
3013,YK
3014,YK
3015,YK
3016,YK
3017,MI
3100,RY
3101,YK
3102,YK
3103,RY
3104,SG
3105,YK
3106,YK
3107,YK
3108,YK
3146,MI
3151,YK
3152,YK
3153,YK
3188,SG
3189,SC
3190,YK
3191,YK
3192,YK
3193,YK
3194,YK
3195,SC
3196,MI
3197,RY
3198,YK
3199,MI
3323,YK
3324,YK
3325,SG
3326,MI
3327,YK
3328,YK
3329,MI
3330,MI
3331,YK
3332,YK
3333,MI
3334,YK
3335,YK
3336,YK
3337,YK
3338,YK
3339,RY
3340,YK
3341,YK
3342,YK
3343,YK
3344,YK
3345,YK
3346,YK
3347,YK
3348,YK
3349,RY
3350,MI
3351,YK
3352,YK
3353,RY
3354,MI
3355,YK
3356,MI
3357,YK
3358,YK
3359,YK
3360,MI
3361,YK
3362,SC
3363,RY
3364,MI
3365,RY
3366,YK
3367,SG
3368,SG
3369,RY
3370,YK
3371,RY
3372,YK
3373,YK
3374,SG
3375,YK
3376,YK
3377,YK
3378,SG
3379,YK
3380,YK
3381,MI
3382,YK
3383,SG
3384,MI
3385,RY
3386,YK
3387,YK
3417,YK
3418,YK
3419,YK
3420,YK
3421,YK
3422,YK
3423,YK
3424,YK
3425,YK
3426,YK
3427,YK
3428,MI
3429,SG
3430,RY
3431,MI
3432,YK
3433,RY
3434,YK
3435,MI
3436,YK
3437,YK
3438,RY
3439,RY
3440,MI
3441,RY
3442,YK
3443,RY
3444,YK
3445,YK
3447,YK
3448,RY
3449,YK
3450,YK
3451,RY
3452,YK
3453,YK
3454,RY
3455,YK
3456,YK
3457,RY
3458,YK
3459,SG
3460,SG
3461,MI
3462,MI
3463,YK
3464,MI
3465,YK
3466,YK
3467,YK
3468,RY
3469,SG
3470,RY
3471,YK
3472,MI
3473,SG
3474,SG
3475,MI
3476,YK
3477,YK
3478,YK
3479,MI
3480,SG
3481,YK
3482,RY
3483,SG
3484,MI
3485,YK
3486,SG
3487,MI
3488,YK
3489,RY
3490,RY
3491,YK
3492,RY
3493,SG
3494,RY
3495,SG
3496,YK
3497,MI
3498,MI
3499,MI
3500,YK
3501,RY
3502,YK
3503,MI
3504,SG
3505,YK
3506,YK
3507,MI
3508,YK
3509,YK
3510,YK
3511,MI
3512,YK
3513,MI
3514,YK
3515,YK
3516,SG
3517,YK
3518,YK
3519,RY
3520,YK
3601,MI
3602,RY
3603,MI
3604,MI
3605,SG
3606,SG
3607,MI
3608,MI
3609,MI
3610,SG
3611,SG
3612,MI
3613,RY
3614,MI
3615,MI
3616,YK
3617,MI
3618,YK
3619,MI
3620,MI
3621,RY
3622,SG
3623,MI
3624,RY
3625,MI
3626,MI
3627,MI
3628,RY
3629,YK
3630,YK
3631,MI
3632,SG
3633,MI
3634,SG
3635,RY
3636,MI
3637,RY
3638,YK
3639,MI
3640,YG
3641,SG
3642,RY
3643,SG
3644,MI
3645,SG
3646,MI
3647,RY
3648,MI
3649,MI
3650,MI
3651,MI
3652,MI
3653,RY
3654,SG
3655,MI
3656,SG
3657,MI
3658,MI
3659,MI
3660,YK
3661,YK
3662,MI
3663,MI
3664,MI
3665,RY
3666,MI
3667,MI
3668,SG
3669,MI
3670,SG
3671,MI
3672,MI
3673,MI
3674,RY
3675,MI
3676,MI
3677,MI
3678,RY
3679,MI
3680,YK
3681,RY
3682,SG
3683,MI
3684,SG
3685,SG
3686,YK
3687,MI
3688,MI
3689,SG
3690,SG
3691,RY
3692,RY
3693,RY
3694,YK
3695,YK
3696,YK
3697,MI
3698,MI
3699,MI
3700,MI
3701,MI
3702,OC
3703,YK
3704,MI
3705,OC
3706,MI
3707,RY
3708,YK
3709,YK
3710,MI
3711,SG
3712,YK
3713,YK
3714,MI
3715,MI
3716,SG
3717,MI
3718,SG
3719,YK
3720,RY
3721,MI
3722,YK
3723,RY
3724,RY
3809,YK
3810,MI
3811,MI
3812,MI
3813,SG
3814,MI
3815,MI
3816,SG
3817,RY
3818,MI
3819,SG
3820,RY
3821,MI
3822,MI
3823,MI
3824,MI
3825,RY
3826,RY
3827,YK
3828,YK
3829,YK
3830,MI
3831,SG
3832,RY
3833,SG
3834,SG
3835,SG
3836,SG
3837,YK
3838,MI
3839,MI
3840,MI
3841,SG
3842,MI
3843,MI
3844,MI
3845,MI
3846,MI
3847,SG
3848,YK
3849,YK
3850,MI
3851,SG
3852,MI
3853,SG
3854,SG
3855,MI
3856,SG
3857,MI
3858,SG
3859,MI
3860,MI
3861,YK
3862,MI
3863,MI
3864,YK
3865,MI
3866,MI
3867,RY
3868,MI
3869,MI
3870,SG
3871,RY
3872,SG
3873,RY
3874,RY
3875,RY
3876,MI
3877,RY
3878,MI
3879,SG
4001,SG
4002,SG
4003,SG
4004,SG
4005,MI
4006,MI
4007,RY
4008,YK
4009,YK
4010,RY
4011,MI
4012,YK
4013,SG
4014,SG
4015,YK
4016,MI
4017,SG
4018,SG
4019,SG
4020,SG
4021,SG
4022,SG
4023,SG
4024,SG
4025,SG
4026,YK
4027,MI
4028,YK
4029,RY
4030,MI
4031,SG
4032,SG
4033,MI
4034,SG
4035,SG
4036,SG
4037,MI
4038,MI
4039,SG
4040,MI
4041,RY
4042,YK
4043,SG
4044,SG
4045,MI
4046,SG
4047,MI
4048,MI
4049,MI
4050,MI
4051,SG
4052,SG
4053,RY
4054,SG
4055,SG
4056,RY
4057,SG
4058,SG
4059,SG
4060,SG
4061,RY
4062,RY
4063,YK
4064,YK
4065,RY
4066,OC
4067,SG
4068,RY
4069,RY
4070,RY
4071,RY
4072,RY
4073,SG
4074,SG
4075,SG
4076,RY
4077,MI
4078,YK
4079,MI
4080,RY
4081,YK
4082,MI
4083,SG
4084,MI
4085,YK
4086,MI
4087,MI
4088,RY
4089,SG
4090,YK
4091,SG
4092,SG
4093,YK
4094,MI
4095,MI
4096,SG
4097,RY
4098,SG
4099,RY
4100,RY
4101,RY
4102,RY
4103,YK
4104,RY
4105,RY
4106,YK
4107,YK
4108,RY
4109,YK
4110,YK
4111,YK
4112,YK
4113,MI
4114,YK
4115,MI
4116,YK
4117,YK
4118,RY
4119,RY
4120,YK
4121,RY
4122,RY
4123,SG
4124,RY
4125,MI
4126,YK
4127,RY
4128,RY
4129,MI
4130,MI
4131,YK
4132,MI
4133,MI
4134,SG
4135,SG
4136,SG
4137,SG
4138,RY
4139,SG
4140,MI
4141,SG
4142,YK
4143,YK
4144,YK
4145,MI
4147,MI
4148,YK
4149,YK
4150,YK
4151,YK
4152,YK
4153,YK
4154,YK
4155,YK
4156,YK
4157,YK
4158,SG
4159,SG
4160,YK
4161,SG
4162,SG
4163,SG
4164,SG
4165,YK
4166,YK
4167,RY
4168,SG
4169,SG
4170,RY
4171,SG
4172,SG
4173,MI
4174,SG
4175,RY
4176,RY
4177,MI
4178,SG
4179,YK
4180,RY
4181,RY
4182,MI
4183,MI
4184,MI
4185,SG
4186,SG
4187,SG
4188,SG
4189,MI
4190,SG
4191,YK
4192,SG
4193,MI
4194,MI
4195,SG
4196,MI
4197,RY
5001,RY
5002,RY
5003,SG
5004,RY
5005,MI
5006,MI
5007,SG
5008,SG
5009,MI
5010,MI
5011,RY
5012,RY
5013,MI
5014,RY
5015,SG
5016,YK
5017,SG
5018,MI
5020,YK
5021,RY
5023,SG
5025,YK
5026,RY
5027,MI
5028,YK
5030,RY
5031,SG
5032,RY
5033,RY
5034,SG
5035,MI
5036,RY
5037,RY
5038,SG
5039,SG
5040,MI
5041,RY
5042,YK
5043,RY
5044,YK
5045,SG
5046,RY
5047,MI
5048,YK
5049,SG
5050,YK
5051,RY
5052,RY
5053,SG
5054,RY
5055,OC
5056,SG
5057,SG
5058,RY
5059,MI
5060,YK
5061,RY
5062,RY
5063,SG
5065,SG
5066,YK
5067,SG
5068,YK
5069,RY
5071,MI
5072,YK
5073,MI
5074,SG
5075,SG
5076,YK
5077,RY
5078,SG
5079,SG
5080,SG
5081,YK
5082,SG
5084,SG
5086,MI
5087,RY
5088,YK
5089,RY
5090,SG
5091,YK
5092,YK
5093,OC
5094,MI
5095,OC
5096,SG
5097,YK
5098,OC
5099,OC
5100,SG
5101,SG
5102,SG
5103,MI
5104,RY
5105,SG
5106,RY
5107,MI
5108,SG
5109,SG
5110,SG
5111,RY
5112,RY
5113,RY
5114,SG
5115,SG
5116,SG
5117,RY
5118,RY
5119,SG
5120,OC
5121,MI
5122,SG
5123,SG
5125,RY
5126,RY
5127,SG
5128,SG
5129,RY
5130,MI
5131,OC
5132,OC
5133,RY
5135,OC
5136,SG
5137,OC
5138,SG
5139,OC
5140,OC
5141,SG
5142,OC
5143,OC
5144,SG
5145,SG
5147,OC
5148,SG
5149,OC
5150,SG
5151,OC
5153,SG
5154,SG
5155,SG
5156,SG
5157,OC
5158,SG
5159,RY
5160,RY
5161,RY
5162,SG
5163,YK
5164,YK
5165,YK
5166,RY
5167,SG
5168,SG
5169,SG
5170,SG
5171,SG
5172,SG
5173,SG
5174,SG
5175,SG
5176,SG
5177,SG
5178,MI
5179,SG
5180,SG
5181,RY
5182,MI
5183,YK
5184,SG
5185,SG
5186,SG
5187,SG
5188,RY
5190,SG
5191,OC
5192,SG
5193,RY
5194,SG
5195,RY
5196,SG
5197,YK
5198,RY
5199,YK
5200,SG
5201,YK
5202,YK
5203,SG
5204,YK
5205,SG
5206,YK
5207,YK
5208,MI
5210,YK
5211,YK
5212,SG
5213,SG
5214,YK
5215,YK
5216,YK
5219,YK
5223,YK
5224,YK
5225,YK
5226,MI
5227,YK
5228,MI
5229,RY
5230,SG
5231,MI
5232,SG
5233,SG
5234,SG
5235,RY
5236,RY
5237,RY
5238,YK
5239,RY
5240,SG
5241,SG
5242,SG
5243,YK
5244,YK
5245,YK
5246,SG
5247,SG
5248,RY
5249,SG
5250,RY
5251,SG
5252,SG
5253,SG
6001,RY
6002,YK
6003,SC
6004,SG
6005,YK
6006,
6007,
6008,
6009,
6010,
6011,
6012,
6013,
6014,
6015,
6016,
6017,
6018,
6019,
6020,
6021,
6022,
6023,
6024,
6025,
6026,
6027,
6028,
6029,
6030,
6031,
6032,
6033,
6034,
6035,
6036,
6037,
6038,
6039,
6040,
6041,
6042,
6043,
6044,
6045,
6046,
6047,
6048,
6049,
6050,
6051,
6052,
6053,
6054,
6055,
6056,
6057,
6058,
6059,
6060,
6061,
6062,
6063,
6064,
6065,
6066,
6067,
6068,
6069,
6070,
6071,
6072,
6073,
6074,
6075,
6076,
6077,
6078,
6079,
6080,
6081,
6082,
6083,
6084,
6085,
6086,
6087,
6088,
6089,
6090,
6091,
6092,
6093,
6094,
6095,
6096,
6097,
6098,
6099,
6100,RY
6101,YK
6102,SC
6103,SG
6104,RY
6105,
6106,
6107,
6108,
6109,
6110,
6111,
6112,
6113,
6114,
6115,
6116,
6117,
6118,
6119,
6120,
6121,
6122,
6123,
6124,
6125,
6126,
6127,
6128,
6129,
6130,
6131,
6132,
6133,
6134,
6135,
6136,
6137,
6138,
6139,
6140,
6141,
6142,
6143,
6144,
6145,
6146,
6147,
6148,
6149,
6150,
6151,
6152,
6153,
6154,
6155,
6156,
6157,
6158,
6159,
6160,
6161,
6162,
6163,
6164,
6165,
6166,
6167,
6168,
6169,
6170,
6171,
6172,
6173,
6174,
6175,
6176,
6177,
6178,
6179,
6180,
6181,
6182,
6183,
6184,
6185,
6186,
6187,
6188,
6189,
6190,
6191,
6192,
6193,
6194,
6195,
6196,
6197,
6198,
6199,
6200,
6201,SC
6202,SC
6203,
6204,
6205,
6206,
6207,
6208,
6209,
6210,
6211,
6212,
6213,
6214,
6215,
6216,
6217,
6218,
6219,
6220,
6221,
6222,
6223,
6224,
6225,
6226,
6227,
6228,
6229,
6230,
6231,
6232,
6233,
6234,
6235,
6236,
6237,
6238,
6239,
6240,
6241,
6242,
6243,
6244,
6245,
6246,
6247,
6248,
6249,
6250,
6251,
6252,
6253,
6254,
6255,
6256,
6257,
6258,
6259,
6260,
6261,
6262,
6263,
6264,
6265,
6266,
6267,
6268,
6269,
6270,
6271,
6272,
6273,
6274,
6275,
6276,
6277,
6278,
6279,
6280,
6281,
6282,
6283,
6284,
6285,
6286,
6287,
6288,
6289,
6290,
6291,
6292,
6293,
6294,
6295,
6296,
6297,
6298,
6299,
6300,
6301,SG
6302,RY
6303,YK
6304,
6305,
6306,
6307,
6308,
6309,
6310,
6311,
6312,
6313,
6314,
6315,
6316,
6317,
6318,
6319,
6320,
6321,
6322,
6323,
6324,
6325,
6326,
6327,
6328,
6329,
6330,
6331,
6332,
6333,
6334,
6335,
6336,
6337,
6338,
6339,
6340,
6341,
6342,
6343,
6344,
6345,
6346,
6347,
6348,
6349,
6350,
6351,
6352,
6353,
6354,
6355,
6356,
6357,
6358,
6359,
6360,
6361,
6362,
6363,
6364,
6365,
6366,
7001,
7002,
7003,
7004,
7005,
7006,
7007,
7008,
7009,
7010,
7011,
7012,
7013,
7014,
7015,
7016,
7017,
7018,
7019,
7020,
7021,
7022,
7023,
7024,
7025,
7026,
7027,
7028,
7029,
7030,
7031,
7032,
7033,
7034,
7035,
7036,
7037,
7038,
7039,
7040,
7041,
7042,
7043,
7044,
7045,
7046,
7047,
7048,
7049,
7050,
7051,
7052,
7053,
7054,
7055,
7056,
7057,
7058,
7059,
7060,
7061,
7062,
7063,
7064,
7065,
7066,
7067,
7068,
7069,
7070,
7071,
7072,
7073,
7074,
7075,
7076,
7077,
7078,
7079,
7080,
7081,
7082,
7083,
7084,
7085,
7086,
7087,
7088,
7089,
7090,
7091,
7092,
7093,
7094,
7095,
7096,
7097,
7098,
7099,
7100,
7101,
7102,
7103,
7104,
7105,
7106,
7107,
7108,
7109,
7110,
7111,
7112,
7113,
7114,
7115,
7116,
7117,
7118,
7119,
7120,
7121,
7122,
7123,
7124,
7125,
7126,
7127,
7128,
7129,
7130,
7131,
7132,
7133,
7134,
7135,
7136,
7137,
7138,
7139,
7140,
7141,
7142,
7143,
7144,
7145,
7146,
7147,
7148,
7149,
7150,
7151,
7152,
7153,
7154,
7155,
7156,
7157,
7158,
7159,
7160,
7161,
7162,
7163,
7164,
7165,
7166,
7167,
7168,
7169,
7170,
7171,
7172,
7173,
7174,
7175,
7176,
7177,
7178,
7179,
7180,
7181,
7182,
7183,
7184,
7185,
7186,
7187,
7188,
7189,
7190,
7191,
7192,
7193,
7194,
7195,
7196,
7197,
7198,
7199,
7200,
7201,
7202,
7203,
7204,
7205,
7206,
7207,
7208,
7209,
7210,
7211,
7212,
7213,
7214,
7215,
7216,
7217,
7218,
7219,
7220,
7221,
7222,
7223,
7224,
7225,
7226,
7227,
7228,
7229,
7230,
7231,
7232,
7233,
7234,
7235,
7236,
7237,
7238,
7239,
7240,
7241,
7242,
7243,
7244,
7245,
7246,
7247,
7248,
7249,
7250,
7251,
7252,
7253,
7254,
7255,
7256,
7257,
7258,
7259,
7260,
7261,
7262,
7263,
7264,
7265,
7266,
7267,
7268,
7269,
7270,
7271,
7272,
7273,
7274,
7275,
7276,
7277,
7278,
7279,
7280,
7281,
7282,
7283,
7284,
7285,
7286,
7287,
7288,
7289,
7290,
7291,
7292,
7293,
7294,
7295,
7296,
7297,
7298,
7299,
7300,
7301,
7302,
7303,
7304,
7305,
7306,
7307,
7308,
7309,
7310,
7311,
7312,
7313,
7314,
7315,
7316,
7317,
7318,
7319,
7320,
7321,
7322,
7323,
7324,
7325,
7326,
7327,
7328,
7329,
7330,
7331,
7332,
7333,
7334,
7335,
7336,
7337,
7338,
7339,
7340,
7341,
7342,
7343,
7344,
7345,
7346,
7347,
7348,
7349,
7350,
7351,
7352,
7353,
7354,
7355,
7356,
7357,
7358,
7359,
7360,
7361,
7362,
7363,
7364,
7365,
7366,
7367,
7368,
7369,
7370,
7371,
7372,
7373,
7374,
7375,
7376,
7377,
7378,
7379,
7380,
7381,
7382,
7383,
7384,
7385,
7386,
7387,
7388,
7389,
7390,
7391,
7392,
7393,
7394,
7395,
7396,
7397,
7398,
7399,
7400,
7401,
7402,
7403,
7404,
7405,
7406,
7407,
7408,
7409,
7410,
7411,
7412,
7413,
7414,
7415,
7416,
7417,
7418,
7419,
7420,
7421,
7422,
7423,
7424,
7425,
7426,
7427,
7428,
7429,
7430,
7431,
7432,
7433,
7434,
7435,
7436,
7437,
7438,
7439,
7440,
7441,
7442,
7443,
7444,
7445,
7446,
7447,
7448,
7449,
7450,
7451,
7452,
7453,
7454,
7455,
7456,
7457,
7458,
7459,
7460,
7461,
7462,
7463,
7464,
7465,
7466,
7467,
7468,
7469,
7470,
7471,
7472,
7473,
7474,
7475,
7476,
7477,
7478,
7479,
7480,
7481,
7482,
7483,
7484,
7485,
7486,
7487,
7488,
7489,
7490,
7491,
7492,
7493,
7494,
7495,
7496,
7497,
7498,
7499,
7500,
7501,
7502,
7503,
7504,
7505,
7506,
7507,
7508,
7509,
7510,
7511,
7512,
7513,
7514,
7515,
7516,
7517,
7518,
7519,
7520,
7521,
7522,
7523,
7524,
7525,
7526,
7527,
7528,
7529,
7530,
7531,
7532,
7533,
7534,
7535,
7536,
7537,
7538,
7539,
7540,
7541,
7542,
7543,
7544,
7545,
7546,
7547,
7548,
7549,
7550,
7551,
7552,
7553,
7554,
7555,
7556,
7557,
7558,
7559,
7560,
7561,
7562,
7563,
7564,
7565,
7566,
7567,
7568,
7569,
7570,
7571,
7572,
7573,
7574,
7575,
7576,
8001,YK
8002,MI
8003,SG
8004,MI
8005,RY
8006,YK
8007,YK
8008,MI
8009,RY
8010,SG
8011,OC
8012,MI
8013,YK
8014,YK
8015,RY
8016,YK
8017,MI
8018,MI
8019,MI
8020,SG
8021,SG
8022,SG
8023,SG
8024,SG
8025,YK
8026,YK
8027,RY
8028,OC
8029,SG
8030,YK
8031,YK
8032,SG
8033,YK
8034,
8035,
8036,
8037,
8038,
8039,
8040,
8041,
8042,
8043,
8044,
8045,
8046,
8047,
8048,
8049,
8050,
8051,
8052,
8053,
8054,
8055,
8056,
8057,
8058,
8059,
8060,
8061,
8062,
8063,
8064,
8065,
8066,
8067,
8068,
8069,
8070,
8071,
8072,
8073,
8074,
8075,
8076,
8077,
8078,
8079,
8080,
8081,
8082,
8083,
8084,
8085,
8086,
8087,
8088,
8089,
8090,
8091,
8092,
8093,
8094,
8095,
8096,
8097,
8098,
8099,
8100,
8101,
8102,
8103,
8104,
8105,
8106,
8107,
8108,
8109,
8110,
8111,
8112,
8113,
8114,
8115,
8116,
8117,
8118,
8119,
8120,
8121,
8122,
8123,
8124,
8125,
8126,
8127,
8128,
8129,
8130,
8131,
8132,
8133,
8134,
8135,
8136,
8137,
8138,
8139,
8140,
8141,
8142,
8143,
8144,
8145,
8146,
8147,
8148,
8149,
8150,
8151,
8152,
8153,
8154,
8155,
8156,
8157,
8158,
8159,
8160,
8161,
8162,
8163,
8164,
8165,
8166,
8167,
8168,
8169,
8170,
8171,
8172,
8173,
8174,
8175,
8176,
8177,
8178,
8179,
8180,
8181,
8182,
8183,
8184,
8185,
8186,
8187,
8188,
8189,
8190,
8191,
8192,
8193,
8194,
8195,
8196,
8197,
8198,
8199,
8200,
8201,
8202,
8203,
8204,
8205,
8206,
8207,
8301,
8302,
8303,
8304,
8305,
8306,
8307,
8308,
8309,
8310,
8311,
8312,
8313,
8314,
8315,
8316,
8317,
8318,
8319,
8320,
8321,
8322,
8323,
8324,
8325,
8326,
8327,
8328,
8329,
8330,
8331,
8332,
8333,
8334,
8335,
8336,
8337,
8338,
8339,
8340,
8341,
8342,
8343,
8344,
8345,
8346,
8347,
8348,
8349,
8350,
8351,
8352,
8353,
8354,
8355,
8356,
8357,
8358,
8359,
8360,
8361,
8362,
8363,
8364,
8365,
8366,
8367,
8368,
8369,
8370,
8371,
8372,
8373,
8374,
8375,
8376,
8377,
8378,
8379,
8380,
8401,
8402,
8403,
8404,
8405,
8411,
8412,
8413,
8414,
8415,
8416,
8417,
8501,YK
8502,YK
8503,YK
8504,
8505,
8506,
8507,
8508,
8509,
8510,
8511,
8512,
8513,
8514,
8515,
8516,
8517,
8518,
8519,
8520,
8521,
8522,
8523,
8524,
8525,
8526,
8527,
8528,
8529,
8530,
8531,
8532,
8551,
8552,
8553,
8554,
8555,
8556,
8557,
8558,
8559,
8560,
8561,
8562,
8563,
8564,
8565,
8566,
8567,
8568,
8569,
8570,
8571,
8572,
8573,
8574,
8575,
8576,
8577,
8578,
8579,
8580,
8581,
8582,
8583,
8584,
8585,
8586,
8587,
8588,
8589,
8590,
8591,
8592,
8593,
8594,
8595,
8596,
8597,
8598,
8599,
8600,
8601,
8602,
8603,
8604,
8605,
8606,
8607,
8608,
8609,
8610,
8611,
8612,
8613,
8614,
8615,
8616,
8617,
8618,
8619,
8620,
8621,
8622,
8623,
8624,
8625,
8626,
8627,
8628,
8629,
8630,
8631,
8632,
8633,
8634,
8635,
8636,
8637,
8638,
8639,
8640,
8641,
8642,
8643,
8644,
8645,
8646,
8647,
8648,
8649,
8650,
8651,
8652,
8653,
8654,
8655,
8656,
8657,
8658,
8659,
8660,
8661,
8662,
8663,
8664,
8665,
8666,
8667,
8681,
8682,
8683,
8684,
8685,
8701,
8702,
8703,
8704,
8705,
8706,
8707,
8708,
8709,
8710,
8711,
8712,
8713,
8714,
8715,
8716,
8801,
8802,
8803,
8804,
8805,
8806,
8807,
8808,
8809,
8810,
8811,
8812,
8813,
8814,
8815,
8816,
8817,
8818,
8819,
8820,
8821,
8822,
8823,
8824,
8825,
8851,
8852,
8853,
8854,
8855,
8901,
8902,
8903,
8904,
8905,
8906,
8907,
8908,
8909,
8910,
8911,
8912,
8913,
8914,
8915,
8916,
8917,
8918,
8919,
8920,
8921,
8922,
8923,
8924,
8925,
8926,
8927,
8928,
8929,
8930,
8931,
8932,
8933,
8934,
8935,
8936,
8937,
8939,
8945,
8946,
8947,
8948,
8949,
8950,
8951,
8953,
8954,
8955,
8956,
8959,
8960,
