GTA06,TopSchool
1,3
2,
3,
4,
5,
6,
7,
8,
9,
10,1
11,
12,
13,
14,4
15,1
16,1
17,3
18,1
19,3
20,1
21,1
22,3
23,1
24,3
25,1
26,1
27,
28,
29,
30,1
31,
32,
33,1
34,1
35,1
36,1
37,3
38,3
39,3
40,1
41,1
42,1
43,1
44,1
45,1
46,1
47,1
48,1
49,1
50,1
51,1
52,1
53,1
54,
55,1
56,1
57,2
58,3
59,1
60,1
61,3
62,1
63,1
64,1
65,1
66,1
67,1
68,1
69,1
70,1
71,1
72,1
73,1
74,1
75,1
76,1
77,1
78,1
79,1
80,1
81,3
82,1
83,5
84,1
85,1
86,
87,3
88,
89,1
90,1
91,1
92,1
93,1
94,1
95,1
96,1
97,1
98,1
99,1
100,1
101,1
102,1
103,1
104,1
105,1
106,1
107,1
108,3
109,1
110,1
111,
112,1
113,1
114,1
115,1
116,1
117,1
118,1
119,1
120,1
121,1
122,1
123,1
124,1
125,1
126,2
127,1
128,1
129,2
130,3
131,2
132,1
133,1
134,2
135,3
136,
137,1
138,2
139,1
140,1
141,1
142,2
143,1
144,2
145,1
146,2
147,1
148,2
149,1
150,3
151,2
152,2
153,3
154,3
155,1
156,1
157,3
158,1
159,
160,
161,1
162,1
163,2
164,1
165,1
166,1
167,1
168,1
169,1
170,1
171,1
172,1
173,1
174,1
175,1
176,1
177,1
178,1
179,2
180,2
181,2
182,2
183,1
184,1
185,1
186,1
187,1
188,1
189,1
190,1
191,1
192,1
193,1
194,1
195,1
196,1
197,1
198,1
199,1
200,1
201,1
202,1
203,1
204,1
205,1
206,1
207,1
208,
209,1
210,1
211,1
212,1
213,1
214,1
215,1
216,1
217,1
218,7
219,1
220,1
221,
222,1
223,1
224,3
225,
226,
227,7
228,1
229,1
230,1
231,1
232,1
233,2
234,1
235,1
236,1
237,1
238,1
239,1
240,
241,1
242,3
243,1
244,1
245,3
246,
247,3
248,3
249,3
250,1
251,1
252,1
253,3
254,1
255,1
256,3
257,1
258,1
259,1
260,1
261,3
262,1
263,1
264,1
265,1
266,3
267,3
268,1
269,1
270,1
271,1
272,1
273,1
274,1
275,1
276,1
277,1
278,1
279,1
280,1
281,1
282,1
283,
284,1
285,1
286,1
287,1
288,1
289,1
290,1
291,1
292,3
293,1
294,3
295,1
296,3
297,1
298,1
299,1
300,1
301,1
302,1
303,
304,1
305,1
306,1
307,2
308,
309,1
310,1
311,
312,1
313,1
314,1
315,1
316,1
317,1
318,6
319,1
320,1
321,1
322,1
323,1
324,1
325,1
326,3
327,3
328,2
329,1
330,1
331,
332,2
333,2
334,1
335,1
336,3
337,1
338,1
339,1
340,1
341,1
342,1
343,1
344,1
345,1
346,1
347,2
348,3
349,2
350,1
351,2
352,1
353,2
354,
355,
356,
357,
358,
359,
360,2
361,
362,1
363,3
364,2
365,1
366,2
367,2
368,1
369,1
370,1
371,2
372,1
373,2
374,3
375,2
376,2
377,1
378,2
379,
380,1
381,2
382,2
383,1
384,2
385,3
386,2
387,
388,5
389,2
390,2
391,2
392,2
393,1
394,1
395,2
396,2
397,2
398,2
399,2
400,2
401,2
402,1
403,1
404,2
405,1
406,2
407,1
408,2
409,1
410,1
411,2
412,2
413,1
414,2
415,2
416,2
417,2
418,
419,
420,2
421,1
422,1
423,3
424,1
425,1
426,1
427,2
428,1
429,2
430,2
431,2
432,2
433,2
434,3
435,2
436,1
437,1
438,1
439,3
440,1
441,1
442,1
443,1
444,2
445,1
446,2
447,2
448,1
449,3
450,1
451,1
452,1
453,1
454,1
455,1
456,1
457,1
458,1
459,1
460,2
461,2
462,1
463,2
464,1
465,2
466,1
467,2
468,1
469,1
470,1
471,3
472,1
473,
474,1
475,1
476,1
477,1
478,1
479,2
480,1
481,1
482,1
483,1
484,1
485,1
486,3
487,2
488,1
489,
490,4
491,4
492,2
493,4
494,4
495,4
496,4
497,4
498,4
499,1
500,1
501,4
502,1
503,1
504,1
505,4
506,3
507,1
508,3
509,4
510,4
511,3
512,4
513,4
514,2
515,1
516,1
517,3
518,3
519,1
520,1
521,1
522,2
523,2
524,3
525,1
526,
527,1
528,1
529,3
530,3
531,1
532,1
533,3
534,1
535,4
536,1
537,1
538,1
539,2
540,1
541,1
542,3
543,1
544,1
545,1
546,1
547,2
548,1
549,4
550,
551,1
552,3
553,2
554,3
555,1
556,
557,4
558,1
559,3
560,4
561,4
562,4
563,4
564,4
565,4
566,4
567,4
568,4
569,1
570,3
571,4
572,4
573,4
574,4
575,1
576,
577,2
578,3
579,1
580,2
581,3
582,1
583,1
584,3
585,1
586,1
587,3
588,1
589,
590,1
591,4
592,1
593,1
594,4
595,2
596,1
597,1
598,2
599,3
600,2
601,1
602,2
603,3
604,2
605,4
606,1
607,1
608,4
609,3
610,
611,
612,4
613,3
614,1
615,1
616,4
617,4
618,4
619,4
620,3
621,2
622,2
623,2
624,3
625,4
1001,2
1002,
1003,2
1004,3
1005,
1006,
1007,
1008,
1009,
1010,
1011,
1012,
1013,
1014,
1015,
1016,
1017,
1018,
1019,
1020,
1021,
1022,
1023,
1024,1
1025,
1026,
1027,
1028,4
1029,4
1030,1
1031,1
1032,4
1033,
1034,2
1035,1
1036,4
1037,4
1038,4
1039,3
1040,3
1041,
1042,4
1043,3
1044,3
1045,1
1046,4
1047,4
1048,3
1049,3
1050,1
1051,
1052,1
1053,1
1054,
1055,
1056,
1057,
1058,2
1059,1
1060,1
1061,2
1062,1
1063,1
1064,1
1065,3
1066,
1067,2
1068,3
1069,3
1070,
1071,
1072,4
1073,1
1074,1
1075,1
1076,3
1077,
1078,
1079,
1080,
1081,3
1082,2
1083,
1084,4
1085,4
1086,
1087,
1088,3
1089,1
1090,
1091,
1092,
1093,1
1094,1
1095,
1096,4
1097,2
1098,
1099,
1100,
1101,4
1102,
1103,
1104,
1105,
1106,1
1107,2
1108,
1109,
1110,1
1111,
1112,
1113,
1114,
1115,
1116,
1117,1
1118,6
1119,2
1120,
1121,1
1122,3
1123,1
1124,4
1125,3
1126,
1127,
1128,1
1129,3
1130,1
1131,
1132,1
1133,
1134,1
1135,1
1136,
1137,1
1138,
1139,
1140,1
1141,
1142,
1143,
1144,
1145,3
1146,
1147,3
1148,
1149,
1150,
1151,
1152,
1153,1
1154,
1155,
1156,
1157,
1158,
1159,
1160,
1161,
1162,
1163,
1164,
1165,
1166,
1167,
1168,
1169,
1170,
1171,
1172,
1173,2
1174,
1175,
1176,
1177,7
1178,
1179,2
1180,
1181,1
1182,2
1183,1
1184,
1185,3
1186,1
1187,2
1188,2
1189,4
1190,1
1191,2
1192,
1193,
1194,
1195,
1196,
1197,1
1198,
1199,
1200,3
1201,
1202,1
1203,2
1204,
1205,
1206,
1207,2
1208,
1209,
1210,1
1211,
1212,
1213,1
1214,
1215,
1216,
1217,
1218,
1219,1
1220,
1221,
1222,1
1223,
1224,
1225,
1226,1
1227,6
1228,
1229,
1230,
1231,
1232,
1233,
1234,
1235,
1236,
1237,
1238,1
1239,
1240,4
1241,3
1242,2
1243,1
1244,
1245,
1246,
1247,
1248,
1249,
1250,
1251,
1252,
1253,
1254,2
1255,
1256,
1257,
1258,
1259,2
1260,
1261,
1262,
1263,
1264,
1265,
1266,
1267,
1268,
1269,
1270,
1271,
1272,
1273,
1274,
1275,
1276,
1277,
1278,
1279,
1280,
1281,4
1282,
1283,
1284,
1285,
1286,1
1287,
1288,
1289,1
1290,
1291,
1292,
1293,
1294,
1295,2
1296,
1297,
1298,
1299,
1300,
1301,
1302,
1303,
1304,1
1305,
1306,
1307,
1308,
1309,
1310,
1311,
1312,
1313,
1314,3
1315,3
1316,6
1317,1
1318,4
1319,
1320,
1321,
1322,
1323,
1324,
1325,
1326,
1327,
1328,
1329,
1330,
1331,
1332,
1333,
1334,
2001,
2002,
2003,
2004,2
2005,
2006,1
2007,
2008,
2009,
2010,
2011,
2012,
2013,1
2014,3
2015,
2016,
2017,
2018,
2019,2
2020,
2021,
2022,2
2023,2
2024,2
2025,1
2026,2
2027,2
2028,2
2029,3
2030,2
2031,
2032,
2033,3
2034,
2035,2
2036,2
2037,
2038,
2039,1
2040,2
2041,1
2042,1
2043,1
2044,3
2045,
2046,
2047,
2048,
2049,
2050,
2051,
2052,
2053,2
2054,1
2055,2
2056,2
2057,2
2058,2
2059,2
2060,2
2061,1
2062,
2063,
2064,
2065,
2066,
2067,
2068,
2069,
2070,
2071,2
2072,1
2073,2
2074,
2075,
2076,
2077,
2078,2
2079,2
2080,2
2081,1
2082,
2083,3
2084,
2085,3
2086,
2087,
2088,2
2089,
2090,
2091,
2092,2
2093,1
2094,1
2095,1
2096,3
2097,3
2098,2
2099,2
2100,1
2101,2
2102,3
2103,
2104,2
2105,2
2106,2
2107,1
2108,2
2109,
2110,2
2111,2
2112,1
2113,
2114,
2115,
2116,2
2117,
2118,
2119,1
2120,2
2121,2
2122,3
2123,2
2124,2
2125,2
2126,1
2127,3
2128,2
2129,2
2130,3
2131,1
2132,
2133,1
2134,3
2135,2
2136,1
2137,1
2138,4
2139,1
2140,1
2141,2
2142,2
2143,1
2144,1
2145,3
2201,
2202,1
2203,1
2204,
2205,3
2206,2
2207,2
2208,3
2209,3
2210,2
2211,1
2212,2
2213,1
2214,1
2215,3
2216,2
2217,2
2218,2
2219,4
2220,2
2221,2
2222,2
2223,2
2224,1
2225,
2226,1
2227,2
2228,2
2229,2
2230,2
2231,1
2232,1
2233,1
2234,2
2235,1
2236,2
2237,2
2238,2
2239,
2240,2
2241,2
2242,2
2243,2
2244,2
2245,2
2246,2
2247,1
2248,1
2249,2
2250,
2251,1
2252,3
2253,
2254,1
2255,1
2256,1
2257,2
2258,2
2259,2
2260,3
2261,3
2262,
2263,
2264,1
2265,
2266,2
2267,
2268,3
2269,
2270,
2271,
2272,
2351,2
2352,2
2353,1
2354,4
2355,
2356,1
2357,1
2358,1
2359,3
2360,
2361,
2362,1
2363,3
2364,1
2365,2
2366,1
2367,2
2368,1
2369,
2370,2
2371,
2372,2
2373,
2374,6
2375,1
2376,3
2377,1
2378,1
2379,1
2380,2
2381,1
2382,1
2383,2
2384,4
2385,1
2386,1
2387,
2388,1
2389,2
2390,2
2391,
2392,
2393,
2394,
2395,3
2396,1
2397,2
2398,3
2399,
2400,
2401,2
2402,1
2403,
2404,
2405,2
2406,4
2407,1
2408,2
2409,1
2410,1
2411,2
2412,
2413,1
2414,2
2415,
2416,2
2417,1
2418,2
2419,3
2420,1
2421,
2422,4
2423,1
2424,1
2425,3
2426,3
2427,3
2428,3
2429,6
2430,1
2431,4
2432,4
2433,1
2434,4
2435,1
2436,1
2437,
2438,
2439,
2440,1
2441,3
2442,1
2443,2
2444,4
2445,2
2446,
2447,2
2448,4
2449,2
2450,
2451,3
2452,
2453,1
2454,1
2455,2
2456,
2457,4
2458,
2459,
2460,2
2551,1
2552,3
2553,1
2554,2
2555,2
2556,2
2557,3
2558,1
2559,7
2560,1
2561,1
2562,
2563,3
2564,
2565,1
2566,1
2567,
2568,6
2569,2
2570,3
2571,
2572,
2573,
2574,
2601,3
2602,2
2603,1
2604,2
2605,3
2606,1
2607,1
2608,3
2609,1
2610,2
2611,3
2612,
2613,
2614,1
2615,2
2616,3
2617,1
2618,2
2619,1
2620,2
2621,
2622,2
2623,4
2624,
2625,1
2651,
2652,
2653,1
2654,
2655,3
2656,
2657,2
2658,
2659,2
2660,1
2661,3
2662,
2663,
2664,1
2665,
2666,2
2667,2
2668,
2669,2
2670,3
2671,1
2672,1
2673,
2674,
2701,
2702,1
2703,3
2704,1
2705,1
2706,
2707,
2708,2
2709,4
2710,1
2711,1
2712,3
2713,2
2714,6
2715,4
2716,3
2717,2
2718,
2751,
2752,
2753,
2754,
2755,3
2756,2
2757,
2758,
2759,
2760,3
2761,
2762,1
2763,2
2764,2
2765,
2766,1
2767,
2768,
2769,
2770,
2771,
2772,1
2773,
2774,1
2775,
2776,
2777,
2778,
2779,2
2780,
2781,
2782,2
2783,2
2851,
2852,
2853,
2854,1
2855,
2856,
2857,
2858,
2859,2
2860,3
2861,2
2862,
2863,
2864,
2865,
2866,
2867,
2868,2
2869,
2870,
2871,
2872,
2873,
2874,
2875,
2876,
2877,
3001,3
3002,
3003,
3004,3
3005,2
3006,
3007,2
3008,
3009,
3010,1
3011,2
3012,2
3013,
3014,2
3015,2
3016,
3017,
3100,3
3101,2
3102,
3103,3
3104,
3105,
3106,
3107,2
3108,
3146,5
3151,2
3152,2
3153,2
3188,1
3189,4
3190,2
3191,2
3192,1
3193,2
3194,2
3195,
3196,5
3197,3
3198,
3199,5
3323,2
3324,2
3325,1
3326,2
3327,2
3328,
3329,
3330,5
3331,
3332,2
3333,
3334,2
3335,2
3336,
3337,2
3338,
3339,
3340,2
3341,
3342,
3343,
3344,
3345,2
3346,2
3347,2
3348,2
3349,3
3350,5
3351,
3352,2
3353,
3354,1
3355,2
3356,5
3357,2
3358,2
3359,
3360,5
3361,2
3362,3
3363,2
3364,5
3365,2
3366,2
3367,1
3368,1
3369,3
3370,2
3371,3
3372,2
3373,2
3374,1
3375,1
3376,2
3377,2
3378,1
3379,2
3380,2
3381,5
3382,
3383,1
3384,2
3385,3
3386,2
3387,2
3417,2
3418,2
3419,2
3420,2
3421,
3422,1
3423,2
3424,
3425,2
3426,
3427,1
3428,
3429,1
3430,3
3431,5
3432,2
3433,
3434,2
3435,
3436,2
3437,2
3438,3
3439,3
3440,5
3441,3
3442,2
3443,
3444,
3445,
3447,2
3448,3
3449,2
3450,
3451,
3452,
3453,
3454,
3455,
3456,2
3457,1
3458,2
3459,1
3460,1
3461,1
3462,5
3463,
3464,5
3465,2
3466,2
3467,2
3468,3
3469,1
3470,3
3471,2
3472,
3473,
3474,
3475,
3476,2
3477,2
3478,
3479,5
3480,1
3481,2
3482,3
3483,1
3484,5
3485,2
3486,1
3487,5
3488,2
3489,1
3490,3
3491,2
3492,
3493,1
3494,3
3495,1
3496,2
3497,5
3498,
3499,5
3500,2
3501,
3502,
3503,
3504,
3505,2
3506,2
3507,
3508,
3509,
3510,2
3511,5
3512,2
3513,5
3514,2
3515,2
3516,1
3517,2
3518,2
3519,3
3520,
3601,5
3602,3
3603,5
3604,5
3605,
3606,1
3607,5
3608,5
3609,
3610,1
3611,
3612,
3613,3
3614,5
3615,5
3616,2
3617,5
3618,2
3619,2
3620,5
3621,
3622,1
3623,5
3624,
3625,
3626,
3627,
3628,3
3629,2
3630,2
3631,5
3632,1
3633,1
3634,1
3635,3
3636,2
3637,3
3638,2
3639,5
3640,1
3641,1
3642,3
3643,1
3644,5
3645,1
3646,5
3647,3
3648,5
3649,5
3650,5
3651,5
3652,5
3653,3
3654,1
3655,5
3656,1
3657,5
3658,
3659,5
3660,2
3661,
3662,5
3663,5
3664,5
3665,3
3666,5
3667,1
3668,1
3669,5
3670,1
3671,5
3672,5
3673,5
3674,3
3675,5
3676,5
3677,5
3678,3
3679,5
3680,2
3681,1
3682,1
3683,5
3684,1
3685,1
3686,2
3687,5
3688,5
3689,1
3690,1
3691,3
3692,3
3693,
3694,2
3695,2
3696,
3697,
3698,2
3699,
3700,
3701,
3702,6
3703,
3704,
3705,
3706,
3707,2
3708,
3709,
3710,5
3711,1
3712,2
3713,
3714,5
3715,5
3716,1
3717,3
3718,1
3719,2
3720,2
3721,
3722,2
3723,3
3724,3
3809,2
3810,5
3811,3
3812,3
3813,1
3814,5
3815,
3816,1
3817,
3818,
3819,1
3820,1
3821,
3822,
3823,
3824,
3825,
3826,
3827,
3828,
3829,
3830,1
3831,
3832,3
3833,1
3834,
3835,
3836,1
3837,2
3838,5
3839,
3840,5
3841,1
3842,5
3843,5
3844,
3845,
3846,
3847,1
3848,2
3849,1
3850,
3851,1
3852,3
3853,1
3854,1
3855,5
3856,1
3857,5
3858,
3859,
3860,
3861,2
3862,2
3863,5
3864,2
3865,1
3866,5
3867,3
3868,5
3869,
3870,1
3871,3
3872,
3873,
3874,
3875,
3876,5
3877,3
3878,2
3879,1
4001,1
4002,1
4003,1
4004,1
4005,5
4006,1
4007,3
4008,
4009,
4010,1
4011,2
4012,1
4013,
4014,
4015,
4016,5
4017,1
4018,1
4019,
4020,1
4021,
4022,
4023,1
4024,
4025,1
4026,2
4027,5
4028,2
4029,3
4030,1
4031,1
4032,1
4033,3
4034,1
4035,1
4036,1
4037,5
4038,
4039,1
4040,5
4041,3
4042,2
4043,
4044,
4045,1
4046,
4047,
4048,
4049,
4050,
4051,
4052,1
4053,3
4054,
4055,1
4056,
4057,
4058,1
4059,1
4060,1
4061,3
4062,3
4063,
4064,
4065,
4066,6
4067,1
4068,
4069,
4070,3
4071,3
4072,
4073,
4074,
4075,1
4076,3
4077,3
4078,1
4079,5
4080,3
4081,2
4082,5
4083,1
4084,5
4085,2
4086,
4087,5
4088,3
4089,1
4090,2
4091,1
4092,
4093,
4094,
4095,5
4096,
4097,
4098,
4099,
4100,3
4101,
4102,
4103,2
4104,
4105,3
4106,
4107,
4108,3
4109,
4110,2
4111,
4112,2
4113,5
4114,
4115,
4116,
4117,
4118,2
4119,3
4120,2
4121,
4122,
4123,1
4124,3
4125,5
4126,2
4127,3
4128,
4129,
4130,
4131,
4132,
4133,
4134,
4135,
4136,
4137,
4138,3
4139,
4140,
4141,
4142,
4143,
4144,
4145,
4147,
4148,
4149,
4150,
4151,
4152,
4153,
4154,2
4155,
4156,
4157,
4158,
4159,1
4160,2
4161,
4162,1
4163,1
4164,
4165,
4166,
4167,
4168,
4169,
4170,
4171,
4172,
4173,
4174,
4175,
4176,3
4177,
4178,1
4179,
4180,
4181,
4182,
4183,2
4184,
4185,
4186,1
4187,
4188,
4189,1
4190,1
4191,
4192,
4193,
4194,
4195,
4196,5
4197,
5001,
5002,
5003,
5004,
5005,5
5006,
5007,
5008,
5009,5
5010,
5011,
5012,
5013,
5014,
5015,
5016,
5017,
5018,
5020,2
5021,
5023,
5025,
5026,
5027,
5028,
5030,
5031,
5032,1
5033,3
5034,
5035,
5036,
5037,
5038,
5039,
5040,
5041,
5042,
5043,
5044,
5045,
5046,
5047,
5048,
5049,
5050,
5051,3
5052,
5053,
5054,
5055,
5056,
5057,
5058,
5059,5
5060,2
5061,
5062,
5063,
5065,
5066,
5067,
5068,
5069,3
5071,
5072,
5073,5
5074,
5075,
5076,
5077,3
5078,
5079,
5080,
5081,
5082,
5084,1
5086,
5087,
5088,
5089,3
5090,
5091,2
5092,
5093,
5094,1
5095,
5096,1
5097,2
5098,6
5099,
5100,
5101,
5102,
5103,
5104,3
5105,1
5106,1
5107,
5108,
5109,
5110,
5111,
5112,
5113,
5114,
5115,1
5116,
5117,
5118,
5119,1
5120,
5121,
5122,
5123,
5125,
5126,
5127,
5128,
5129,3
5130,
5131,
5132,
5133,
5135,
5136,
5137,
5138,1
5139,
5140,6
5141,1
5142,
5143,
5144,1
5145,
5147,
5148,
5149,
5150,
5151,
5153,
5154,
5155,1
5156,
5157,
5158,
5159,
5160,3
5161,
5162,
5163,2
5164,
5165,
5166,1
5167,
5168,
5169,
5170,
5171,
5172,
5173,
5174,1
5175,
5176,
5177,
5178,
5179,1
5180,1
5181,
5182,
5183,
5184,
5185,
5186,
5187,1
5188,3
5190,
5191,6
5192,
5193,
5194,
5195,
5196,1
5197,
5198,
5199,2
5200,1
5201,1
5202,
5203,1
5204,
5205,1
5206,
5207,
5208,
5210,
5211,
5212,
5213,
5214,
5215,
5216,
5219,
5223,
5224,
5225,
5226,5
5227,
5228,
5229,3
5230,3
5231,5
5232,1
5233,
5234,
5235,
5236,
5237,
5238,2
5239,
5240,
5241,
5242,
5243,
5244,2
5245,
5246,
5247,
5248,
5249,
5250,
5251,
5252,
5253,
6001,
6002,
6003,
6004,1
6005,
6006,3
6007,
6008,
6009,
6010,
6011,
6012,1
6013,
6014,
6015,1
6016,
6017,
6018,2
6019,
6020,
6021,
6022,
6023,
6024,
6025,
6026,
6027,
6028,
6029,1
6030,
6031,
6032,
6033,
6034,
6035,
6036,
6037,
6038,
6039,
6040,
6041,
6042,
6043,
6044,1
6045,
6046,
6047,
6048,
6049,
6050,
6051,
6052,
6053,
6054,
6055,
6056,
6057,
6058,
6059,
6060,
6061,
6062,
6063,
6064,
6065,5
6066,
6067,
6068,6
6069,
6070,
6071,
6072,
6073,
6074,
6075,
6076,
6077,
6078,
6079,
6080,
6081,
6082,
6083,
6084,
6085,
6086,
6087,
6088,
6089,
6090,5
6091,6
6092,
6093,
6094,
6095,
6096,
6097,
6098,
6099,
6100,
6101,
6102,
6103,
6104,
6105,
6106,
6107,
6108,
6109,
6110,
6111,
6112,
6113,
6114,
6115,
6116,
6117,
6118,
6119,
6120,
6121,
6122,
6123,
6124,
6125,
6126,
6127,
6128,
6129,5
6130,
6131,
6132,1
6133,
6134,
6135,
6136,
6137,
6138,
6139,
6140,
6141,
6142,
6143,
6144,
6145,
6146,
6147,
6148,
6149,
6150,
6151,
6152,
6153,
6154,
6155,
6156,
6157,
6158,1
6159,
6160,
6161,
6162,
6163,1
6164,
6165,
6166,
6167,
6168,
6169,
6170,
6171,
6172,
6173,
6174,
6175,
6176,
6177,
6178,
6179,
6180,
6181,
6182,
6183,
6184,
6185,
6186,
6187,
6188,
6189,
6190,
6191,
6192,
6193,
6194,
6195,
6196,
6197,
6198,
6199,
6200,
6201,
6202,
6203,
6204,
6205,
6206,
6207,
6208,
6209,
6210,
6211,
6212,
6213,
6214,
6215,
6216,
6217,
6218,
6219,
6220,
6221,
6222,
6223,
6224,
6225,5
6226,1
6227,
6228,
6229,
6230,
6231,
6232,
6233,
6234,
6235,
6236,
6237,
6238,
6239,
6240,
6241,
6242,
6243,
6244,
6245,
6246,
6247,
6248,
6249,
6250,
6251,
6252,
6253,
6254,
6255,
6256,
6257,
6258,
6259,
6260,
6261,
6262,
6263,
6264,
6265,
6266,
6267,
6268,
6269,
6270,
6271,
6272,
6273,
6274,
6275,
6276,
6277,
6278,
6279,
6280,
6281,
6282,
6283,
6284,
6285,
6286,
6287,
6288,
6289,
6290,1
6291,
6292,
6293,
6294,
6295,
6296,
6297,
6298,
6299,
6300,
6301,
6302,
6303,
6304,
6305,
6306,
6307,
6308,
6309,
6310,
6311,
6312,
6313,
6314,
6315,
6316,
6317,
6318,
6319,
6320,
6321,
6322,
6323,
6324,
6325,
6326,
6327,
6328,
6329,
6330,
6331,
6332,
6333,
6334,
6335,
6336,
6337,
6338,
6339,
6340,
6341,
6342,
6343,
6344,
6345,
6346,
6347,
6348,
6349,
6350,
6351,
6352,
6353,
6354,
6355,
6356,
6357,
6358,
6359,
6360,
6361,
6362,
6363,
6364,
6365,
6366,
7001,
7002,
7003,
7004,
7005,
7006,
7007,
7008,
7009,
7010,
7011,
7012,
7013,
7014,
7015,
7016,
7017,
7018,
7019,
7020,
7021,2
7022,
7023,
7024,
7025,
7026,
7027,
7028,
7029,
7030,
7031,1
7032,
7033,
7034,
7035,
7036,
7037,
7038,
7039,2
7040,
7041,
7042,
7043,1
7044,
7045,
7046,
7047,
7048,
7049,
7050,
7051,
7052,
7053,
7054,
7055,
7056,
7057,
7058,
7059,3
7060,1
7061,
7062,
7063,
7064,
7065,
7066,
7067,
7068,
7069,
7070,
7071,
7072,
7073,
7074,
7075,
7076,
7077,
7078,
7079,
7080,
7081,
7082,
7083,
7084,
7085,
7086,
7087,
7088,
7089,
7090,
7091,
7092,
7093,
7094,
7095,
7096,
7097,
7098,
7099,
7100,
7101,
7102,
7103,
7104,
7105,
7106,
7107,
7108,
7109,
7110,
7111,
7112,
7113,1
7114,
7115,
7116,
7117,1
7118,
7119,
7120,
7121,1
7122,
7123,
7124,
7125,
7126,
7127,
7128,6
7129,
7130,
7131,
7132,
7133,
7134,
7135,
7136,
7137,
7138,
7139,
7140,
7141,
7142,
7143,
7144,
7145,
7146,6
7147,
7148,
7149,
7150,
7151,
7152,
7153,
7154,
7155,
7156,
7157,
7158,1
7159,
7160,
7161,
7162,
7163,
7164,
7165,
7166,
7167,
7168,
7169,
7170,
7171,
7172,
7173,
7174,
7175,
7176,
7177,
7178,
7179,
7180,
7181,
7182,
7183,
7184,
7185,
7186,
7187,
7188,
7189,
7190,
7191,
7192,
7193,
7194,
7195,7
7196,3
7197,
7198,
7199,
7200,
7201,
7202,
7203,
7204,
7205,
7206,
7207,
7208,
7209,
7210,
7211,
7212,
7213,
7214,
7215,
7216,
7217,
7218,
7219,
7220,
7221,
7222,
7223,
7224,
7225,
7226,
7227,
7228,
7229,
7230,
7231,
7232,
7233,
7234,
7235,
7236,
7237,
7238,
7239,
7240,
7241,
7242,
7243,
7244,
7245,
7246,
7247,
7248,
7249,
7250,
7251,
7252,
7253,
7254,3
7255,1
7256,
7257,
7258,
7259,
7260,
7261,
7262,
7263,
7264,
7265,
7266,
7267,
7268,
7269,
7270,
7271,
7272,
7273,
7274,
7275,
7276,
7277,
7278,
7279,
7280,
7281,
7282,
7283,
7284,
7285,
7286,
7287,
7288,1
7289,
7290,
7291,
7292,
7293,
7294,1
7295,
7296,
7297,
7298,
7299,
7300,
7301,
7302,
7303,
7304,
7305,
7306,
7307,
7308,
7309,
7310,
7311,
7312,
7313,1
7314,
7315,
7316,
7317,
7318,
7319,
7320,
7321,
7322,
7323,
7324,
7325,
7326,
7327,
7328,
7329,
7330,
7331,
7332,
7333,
7334,
7335,
7336,
7337,
7338,
7339,
7340,
7341,
7342,
7343,
7344,
7345,
7346,
7347,
7348,
7349,
7350,
7351,
7352,
7353,
7354,
7355,
7356,
7357,
7358,
7359,
7360,2
7361,
7362,
7363,
7364,3
7365,
7366,
7367,
7368,
7369,
7370,
7371,
7372,
7373,
7374,
7375,
7376,
7377,
7378,
7379,
7380,
7381,
7382,
7383,
7384,
7385,
7386,
7387,
7388,
7389,2
7390,
7391,
7392,
7393,
7394,
7395,
7396,2
7397,
7398,
7399,
7400,
7401,
7402,
7403,1
7404,
7405,
7406,2
7407,
7408,
7409,
7410,
7411,
7412,
7413,
7414,
7415,
7416,
7417,
7418,
7419,
7420,
7421,
7422,
7423,6
7424,
7425,
7426,
7427,
7428,
7429,
7430,
7431,
7432,
7433,
7434,
7435,
7436,
7437,
7438,
7439,
7440,
7441,
7442,
7443,
7444,
7445,
7446,
7447,
7448,
7449,
7450,
7451,
7452,
7453,
7454,
7455,
7456,
7457,
7458,
7459,
7460,
7461,
7462,
7463,
7464,
7465,
7466,
7467,
7468,
7469,
7470,
7471,
7472,
7473,1
7474,
7475,
7476,
7477,
7478,
7479,
7480,
7481,
7482,
7483,
7484,
7485,
7486,
7487,
7488,
7489,
7490,
7491,
7492,
7493,
7494,
7495,
7496,
7497,
7498,
7499,
7500,
7501,
7502,
7503,
7504,
7505,
7506,
7507,
7508,
7509,
7510,
7511,
7512,
7513,
7514,
7515,
7516,
7517,
7518,
7519,
7520,
7521,
7522,
7523,
7524,
7525,
7526,
7527,
7528,
7529,
7530,
7531,
7532,
7533,
7534,
7535,
7536,
7537,
7538,
7539,
7540,
7541,
7542,
7543,
7544,
7545,
7546,
7547,
7548,
7549,
7550,
7551,
7552,
7553,
7554,
7555,
7556,
7557,
7558,
7559,
7560,
7561,
7562,
7563,
7564,
7565,
7566,
7567,
7568,
7569,
7570,
7571,
7572,
7573,
7574,
7575,
7576,
8001,
8002,
8003,
8004,
8005,
8006,
8007,
8008,
8009,
8010,
8011,
8012,
8013,2
8014,
8015,
8016,
8017,
8018,
8019,
8020,
8021,1
8022,
8023,
8024,
8025,2
8026,
8027,
8028,
8029,
8030,
8031,
8032,
8033,2
8034,
8035,
8036,
8037,
8038,
8039,
8040,
8041,
8042,
8043,
8044,
8045,
8046,
8047,
8048,
8049,1
8050,
8051,
8052,
8053,
8054,
8055,
8056,1
8057,3
8058,
8059,
8060,
8061,
8062,
8063,
8064,
8065,
8066,
8067,
8068,
8069,
8070,
8071,
8072,
8073,1
8074,
8075,
8076,
8077,
8078,
8079,
8080,2
8081,
8082,
8083,
8084,
8085,
8086,
8087,
8088,
8089,
8090,
8091,
8092,
8093,
8094,
8095,
8096,
8097,1
8098,
8099,
8100,
8101,
8102,
8103,
8104,
8105,
8106,
8107,1
8108,
8109,
8110,
8111,1
8112,
8113,2
8114,
8115,
8116,
8117,
8118,
8119,
8120,
8121,
8122,
8123,
8124,
8125,
8126,
8127,
8128,
8129,
8130,1
8131,
8132,
8133,
8134,
8135,
8136,
8137,
8138,
8139,
8140,
8141,1
8142,
8143,
8144,
8145,
8146,
8147,
8148,
8149,
8150,
8151,
8152,
8153,
8154,
8155,
8156,
8157,
8158,
8159,
8160,
8161,
8162,
8163,
8164,
8165,
8166,
8167,
8168,
8169,
8170,
8171,
8172,
8173,
8174,
8175,
8176,
8177,
8178,
8179,
8180,
8181,
8182,
8183,
8184,
8185,
8186,
8187,
8188,
8189,
8190,
8191,
8192,
8193,
8194,
8195,
8196,
8197,
8198,
8199,
8200,
8201,
8202,
8203,
8204,
8205,
8206,
8207,
8301,
8302,
8303,
8304,
8305,
8306,1
8307,2
8308,
8309,
8310,
8311,
8312,
8313,
8314,
8315,
8316,
8317,
8318,
8319,
8320,
8321,
8322,
8323,
8324,
8325,
8326,
8327,
8328,
8329,
8330,
8331,
8332,
8333,
8334,
8335,
8336,
8337,
8338,
8339,
8340,
8341,
8342,
8343,
8344,
8345,
8346,
8347,
8348,
8349,
8350,
8351,
8352,
8353,
8354,
8355,
8356,
8357,
8358,
8359,
8360,
8361,
8362,
8363,
8364,
8365,1
8366,
8367,
8368,
8369,
8370,
8371,
8372,
8373,
8374,
8375,
8376,5
8377,
8378,
8379,
8380,
8401,2
8402,1
8403,2
8404,2
8405,7
8411,
8412,
8413,
8414,
8415,2
8416,
8417,3
8501,1
8502,
8503,
8504,
8505,1
8506,
8507,
8508,1
8509,2
8510,1
8511,2
8512,3
8513,2
8514,
8515,2
8516,
8517,2
8518,
8519,
8520,
8521,
8522,2
8523,1
8524,
8525,
8526,1
8527,1
8528,3
8529,2
8530,
8531,7
8532,4
8551,
8552,
8553,1
8554,2
8555,1
8556,
8557,
8558,
8559,2
8560,2
8561,
8562,
8563,2
8564,2
8565,1
8566,
8567,2
8568,
8569,
8570,
8571,
8572,
8573,
8574,
8575,
8576,
8577,
8578,
8579,
8580,
8581,
8582,
8583,
8584,
8585,1
8586,
8587,
8588,
8589,
8590,
8591,2
8592,
8593,
8594,
8595,2
8596,1
8597,1
8598,2
8599,3
8600,1
8601,
8602,
8603,
8604,
8605,
8606,
8607,
8608,
8609,
8610,
8611,
8612,
8613,
8614,
8615,
8616,
8617,
8618,
8619,2
8620,
8621,
8622,
8623,
8624,2
8625,
8626,
8627,
8628,2
8629,
8630,
8631,
8632,
8633,
8634,
8635,2
8636,
8637,
8638,
8639,
8640,
8641,
8642,
8643,
8644,
8645,
8646,3
8647,
8648,
8649,
8650,
8651,
8652,
8653,
8654,
8655,
8656,
8657,
8658,
8659,
8660,
8661,
8662,2
8663,2
8664,
8665,
8666,
8667,
8681,
8682,2
8683,2
8684,1
8685,
8701,
8702,
8703,
8704,1
8705,
8706,
8707,1
8708,
8709,1
8710,
8711,
8712,3
8713,
8714,5
8715,
8716,
8801,
8802,
8803,
8804,
8805,
8806,
8807,2
8808,
8809,
8810,
8811,
8812,
8813,
8814,
8815,
8816,1
8817,
8818,
8819,
8820,
8821,
8822,
8823,
8824,
8825,
8851,
8852,
8853,
8854,
8855,1
8901,
8902,
8903,
8904,
8905,2
8906,
8907,
8908,
8909,
8910,
8911,
8912,
8913,
8914,
8915,
8916,
8917,
8918,
8919,
8920,
8921,
8922,
8923,
8924,
8925,
8926,
8927,
8928,
8929,
8930,2
8931,
8932,
8933,
8934,
8935,
8936,
8937,
8939,
8945,
8946,
8947,
8948,
8949,
8950,2
8951,
8953,
8954,
8955,6
8956,
8959,
8960,1
