Zone#,PD,X,Y
1,1,636296,4836132
2,1,635510,4835534
3,1,634958,4835662
4,1,634335,4835316
5,1,633670,4834990
6,1,634117,4834652
7,1,634924,4834244
8,1,634967,4834440
9,1,633380,4833146
10,1,633022,4833890
11,1,632800,4833557
12,1,632739,4834190
13,1,632195,4834055
14,1,632639,4834667
15,1,632236,4834402
16,1,632277,4834860
17,1,632219,4835261
18,1,632127,4835662
19,1,631823,4835894
20,1,631651,4836640
21,1,630967,4836423
22,1,631096,4835903
23,1,631309,4835452
24,1,631516,4835028
25,1,631509,4834482
26,1,631692,4834232
27,1,631925,4833912
28,1,631636,4833780
29,1,631885,4833778
30,1,631296,4833468
31,1,631455,4833778
32,1,631242,4833626
33,1,631083,4833457
34,1,631096,4833984
35,1,631010,4834144
36,1,630896,4834422
37,1,630800,4834726
38,1,630716,4835246
39,1,630692,4835830
40,1,630408,4835728
41,1,630510,4836384
42,1,630214,4836378
43,1,630260,4836668
44,1,629659,4837132
45,1,629786,4836542
46,1,630021,4836252
47,1,629785,4836271
48,1,630178,4835662
49,1,629960,4835595
50,1,630337,4835226
51,1,630035,4835118
52,1,630562,4834752
53,1,630218,4834582
54,1,630694,4834275
55,1,630413,4834190
56,1,630731,4834017
57,1,630508,4833952
58,1,630728,4833804
59,1,630815,4833527
60,1,630914,4833386
61,1,630847,4833241
62,1,630283,4833064
63,1,630237,4833652
64,1,629772,4833408
65,1,629953,4833746
66,1,629730,4834039
67,1,629675,4834540
68,1,629657,4835020
69,1,629163,4835675
70,1,629013,4836067
71,1,629037,4836520
72,1,628305,4836356
73,1,628412,4835780
74,1,628671,4835192
75,1,628802,4834790
76,1,629054,4834325
77,1,629124,4833844
78,1,629256,4833524
79,1,629490,4833354
80,1,629456,4832796
81,1,631130,4831847
82,1,629018,4832548
83,1,628567,4832567
84,1,628941,4832710
85,1,627961,4832578
86,1,627652,4832283
87,1,627261,4832254
88,1,627319,4832452
89,1,627145,4832944
90,1,628302,4833514
91,2,628379,4834098
92,2,628186,4834671
93,2,627964,4835326
94,2,627659,4836259
95,2,627108,4836176
96,2,627351,4835158
97,2,627374,4834436
98,2,627509,4833853
99,2,626911,4833698
100,2,626542,4834302
101,2,626317,4834846
102,2,626956,4834995
103,2,626669,4835922
104,2,626244,4835821
105,2,625703,4835692
106,2,624894,4835548
107,2,625688,4834635
108,2,626132,4833988
109,2,626104,4833440
110,2,626330,4832755
111,2,626477,4832263
112,2,625475,4832674
113,2,625116,4833234
114,2,625029,4834455
115,2,624666,4834278
116,2,624462,4835115
117,2,624003,4835756
118,2,623560,4835674
119,2,623809,4834828
120,2,623178,4833890
121,2,623959,4832652
122,2,622628,4833350
123,2,621705,4834559
124,2,622368,4834480
125,2,623111,4834898
126,2,622791,4835666
127,2,621800,4835624
128,2,620921,4835539
129,3,621638,4836216
130,3,620786,4837004
131,3,620471,4838528
132,3,619966,4839514
133,3,619028,4839927
134,3,619929,4840220
135,3,618525,4840737
136,3,620121,4841350
137,3,621091,4840960
138,3,620631,4840362
139,3,621085,4839497
140,3,621185,4838504
141,3,622019,4838741
142,3,621714,4837988
143,3,621731,4837228
144,3,622556,4837366
145,3,623092,4836664
146,3,623148,4836408
147,3,624364,4836444
148,3,623947,4837172
149,3,622900,4838010
150,3,623430,4838132
151,3,622740,4838782
152,3,623304,4839036
153,3,622321,4839972
154,3,622236,4841096
155,3,622734,4841453
156,3,622833,4840474
157,3,623955,4841712
158,3,624125,4840828
159,3,624101,4840056
160,3,624356,4839676
161,3,624365,4839186
162,3,624094,4838282
163,3,624798,4838593
164,3,624979,4837482
165,3,625590,4837080
166,3,625716,4836496
167,3,626789,4836782
168,3,627593,4837044
169,3,627337,4837670
170,3,626530,4837352
171,3,625686,4837770
172,3,626169,4838060
173,3,627115,4838238
174,3,626740,4839442
175,3,625659,4839124
176,3,625329,4838694
177,3,625367,4839763
178,3,624897,4840820
179,3,624826,4841550
180,3,624628,4842754
181,4,625996,4843073
182,4,626071,4842008
183,4,626203,4841331
184,4,626370,4840050
185,4,627384,4839152
186,4,627793,4837759
187,4,628260,4837252
188,4,628560,4838156
189,4,628245,4838926
190,4,627816,4840026
191,4,627109,4840265
192,4,627075,4841714
193,4,627113,4842484
194,4,626881,4843628
195,4,627822,4844310
196,4,628270,4842972
197,4,628377,4841875
198,4,627705,4841373
199,4,627911,4840496
200,4,628476,4840773
201,4,628799,4839885
202,4,629109,4838749
203,4,629276,4838143
204,4,629570,4838456
205,4,630426,4837296
206,4,630900,4838140
207,4,630410,4838690
208,4,630474,4839366
209,4,629474,4839582
210,4,629236,4840441
211,4,629135,4840754
212,4,629791,4841164
213,4,629093,4842316
214,4,628861,4842984
215,4,630261,4841976
216,4,630373,4840262
217,4,631400,4840666
218,4,630630,4842276
219,4,631436,4841544
220,4,632051,4841160
221,4,633082,4840642
222,4,633235,4840325
223,5,634286,4841672
224,5,633401,4842282
225,5,631805,4843210
226,5,630358,4843976
227,5,629427,4844033
228,5,628509,4845231
229,5,629536,4845764
230,5,631015,4846046
231,5,632475,4846205
232,5,633418,4846800
233,5,634722,4846906
234,5,634948,4846194
235,5,633767,4845696
236,5,632803,4845438
237,5,631677,4844958
238,5,633170,4844184
239,5,635264,4845094
240,5,635128,4844342
241,5,633737,4843698
242,5,633169,4843657
243,5,634231,4842750
244,5,635778,4843788
245,5,636301,4843167
246,5,635800,4842404
247,5,636564,4842304
248,6,636633,4841087
249,6,637071,4840112
250,6,636751,4839144
251,6,636753,4838562
252,6,637628,4838124
253,6,637766,4837292
254,6,637539,4836648
255,6,636696,4836828
256,6,636637,4837786
257,6,635842,4837076
258,6,635490,4838168
259,6,635065,4839093
260,6,636062,4841124
261,6,635123,4840599
262,6,634227,4839377
263,6,634323,4838673
264,6,634800,4837838
265,6,635136,4836988
266,6,635262,4836296
267,6,634255,4835542
268,6,633405,4835279
269,6,634302,4836395
270,6,633876,4835856
271,6,633044,4835756
272,6,633041,4836334
273,6,633708,4837250
274,6,634139,4837458
275,6,634213,4837919
276,6,633632,4837732
277,6,633202,4837252
278,6,632438,4837070
279,6,632312,4837491
280,6,632989,4837619
281,6,633307,4838752
282,6,632762,4838539
283,6,632091,4839612
284,6,631491,4839533
285,7,622706,4831704
286,7,622088,4830282
287,7,621566,4829855
288,7,620957,4830662
289,7,620927,4829008
290,7,620126,4828278
291,7,620313,4828708
292,7,619355,4830024
293,7,619580,4828496
294,7,618862,4827868
295,7,617952,4827556
296,7,618083,4828542
297,7,617142,4828714
298,7,617886,4829292
299,8,618026,4830526
300,8,619238,4831018
301,8,620566,4831492
302,8,621753,4832115
303,8,622372,4832028
304,8,621810,4832761
305,8,621001,4833092
306,8,619893,4832644
307,8,618993,4832460
308,8,617862,4831414
309,8,616145,4829798
310,8,616163,4831157
311,8,616946,4831761
312,8,617938,4832724
313,8,618848,4833564
314,8,619474,4834181
315,8,620165,4833614
316,8,620158,4834350
317,8,620767,4834678
318,8,619664,4835622
319,8,619106,4835238
320,8,618338,4834788
321,8,618384,4833821
322,8,617469,4833890
323,8,616937,4832249
324,8,615502,4831810
325,8,614557,4832496
326,8,615360,4832844
327,8,615767,4832990
328,8,616222,4833244
329,8,616626,4833179
330,8,616367,4834122
331,8,615907,4834076
332,8,615515,4833925
333,8,615110,4833794
334,8,614274,4833296
335,8,613915,4834618
336,8,614574,4835144
337,8,615634,4835543
338,8,616945,4835406
339,8,617935,4835724
340,8,618541,4836548
341,8,619640,4837508
342,8,619248,4838018
343,8,618228,4838254
344,8,617565,4836909
345,8,616360,4836514
346,8,615361,4837306
347,8,616228,4837400
348,8,617113,4837568
349,8,618816,4839249
350,8,617321,4839560
351,8,616647,4838743
352,8,615881,4838262
353,8,616418,4839252
354,9,616085,4840818
355,9,615180,4839618
356,9,614485,4839258
357,9,613903,4837565
358,9,613302,4838385
359,9,612966,4839638
360,9,611758,4841640
361,9,613984,4840836
362,9,615134,4840710
363,9,615682,4841475
364,9,616688,4841268
365,9,616790,4842194
366,9,615349,4842617
367,9,614856,4841283
368,9,614018,4842094
369,9,612791,4841645
370,9,611195,4842380
371,9,612252,4842874
372,9,613092,4843054
373,9,613818,4843509
374,9,614906,4843938
375,9,615893,4843760
376,9,613631,4844296
377,9,612992,4843984
378,9,611681,4844006
379,9,611428,4845014
380,9,612479,4845404
381,9,612822,4844448
382,9,613326,4845433
383,9,613958,4845260
384,10,614797,4845799
385,10,615496,4845530
386,10,616405,4845704
387,10,616581,4846864
388,10,617647,4846522
389,10,618882,4846796
390,10,619558,4846708
391,10,621129,4847940
392,10,621463,4847920
393,10,622935,4848296
394,10,623056,4846515
395,10,621749,4846214
396,10,621277,4846014
397,10,621201,4846800
398,10,620567,4846714
399,10,620680,4845774
400,10,619835,4845167
401,10,619000,4845514
402,10,617707,4844311
403,10,616849,4845032
404,10,617924,4842143
405,10,618487,4842264
406,10,619218,4844309
407,10,619637,4842702
408,10,619902,4841866
409,10,620673,4842030
410,10,620955,4842396
411,10,620350,4843536
412,10,621485,4844918
413,10,621635,4844044
414,10,622222,4842872
415,10,622073,4842508
416,10,622011,4844462
417,10,621898,4844868
418,10,622476,4845030
419,10,623119,4845494
420,10,623752,4845264
421,10,623698,4843610
422,10,623655,4843212
423,11,625083,4843394
424,11,625530,4844141
425,11,625252,4845016
426,11,624995,4845520
427,11,624753,4845716
428,11,624160,4846704
429,11,624645,4847845
430,11,623406,4849252
431,11,624786,4849257
432,11,625206,4849642
433,11,626006,4850063
434,11,626282,4849436
435,11,626040,4848482
436,11,625123,4847524
437,11,625940,4847556
438,11,626917,4847784
439,11,626389,4846292
440,11,626159,4844628
441,11,627481,4846248
442,11,627795,4846956
443,11,627587,4847950
444,11,627422,4848844
445,11,627089,4849631
446,11,626927,4850442
447,11,627275,4850233
448,11,627485,4848962
449,11,627817,4849200
450,11,627683,4848080
451,11,628045,4848286
452,11,627981,4846894
453,11,628260,4847420
454,11,628076,4846404
455,11,629056,4846822
456,11,629266,4847294
457,11,628986,4848526
458,11,628658,4849518
459,11,628519,4850587
460,11,629756,4851102
461,11,629593,4849802
462,11,630017,4848662
463,11,630181,4847650
464,11,630085,4847260
465,11,631411,4847620
466,12,632435,4847814
467,12,632279,4848562
468,12,631286,4848975
469,12,630943,4850662
470,12,631483,4851184
471,12,631882,4851761
472,12,632310,4852150
473,12,633333,4851814
474,12,632709,4851096
475,12,631693,4850048
476,12,632596,4850290
477,12,633827,4850614
478,12,631997,4849764
479,12,632732,4849986
480,12,633982,4849860
481,12,633118,4848659
482,12,634324,4848578
483,12,633258,4847945
484,12,634519,4847985
485,13,636051,4846857
486,13,637063,4847122
487,13,638195,4847705
488,13,639148,4847979
489,13,639718,4848188
490,13,640042,4848203
491,13,640877,4848656
492,13,641917,4848764
493,13,642305,4849491
494,13,642551,4848828
495,13,643738,4848406
496,13,642683,4848178
497,13,641699,4847900
498,13,640435,4847452
499,13,639642,4847354
500,13,639443,4846332
501,13,638380,4846725
502,13,638454,4845684
503,13,637268,4846025
504,13,635929,4846232
505,13,636563,4845128
506,13,636438,4844081
507,13,637169,4844432
508,13,637939,4844991
509,13,638828,4845272
510,13,639915,4846070
511,13,641011,4846211
512,13,642185,4846893
513,13,643121,4847064
514,13,643991,4847529
515,13,643486,4846642
516,13,642438,4846526
517,13,642684,4845467
518,13,642081,4844739
519,13,641660,4844162
520,13,641357,4844412
521,13,641038,4845708
522,13,640130,4845322
523,13,640227,4844236
524,13,639192,4843906
525,13,638269,4843368
526,13,637721,4843214
527,13,636852,4842797
528,13,637329,4842084
529,13,637836,4842730
530,13,638344,4842938
531,13,639452,4843287
532,13,640627,4843382
533,13,640068,4842312
534,13,638909,4841705
535,13,639805,4841158
536,13,639134,4840953
537,13,637945,4840410
538,13,638447,4839504
539,14,638483,4838306
540,14,638687,4837592
541,14,639796,4838830
542,14,639813,4839365
543,14,641051,4840772
544,14,640374,4840680
545,14,641652,4842482
546,14,641866,4841552
547,14,642699,4842806
548,14,642520,4843678
549,14,643219,4844654
550,14,643432,4844074
551,14,643914,4844386
552,14,643664,4844946
553,14,644242,4845727
554,14,644707,4845026
555,14,645558,4845780
556,15,647612,4847341
557,15,645820,4846723
558,15,645117,4847114
559,15,646185,4847452
560,15,645738,4848051
561,15,644538,4849288
562,15,644771,4849752
563,15,644003,4850041
564,15,645499,4849943
565,15,646494,4850554
566,15,646009,4849598
567,15,646728,4849610
568,15,647393,4848188
569,15,648398,4849216
570,15,649437,4849452
571,15,650058,4850008
572,15,648198,4851472
573,15,647440,4849958
574,15,647468,4850660
575,15,646840,4851684
576,16,645017,4851374
577,16,644401,4851106
578,16,642247,4850296
579,16,640898,4849904
580,16,639940,4849552
581,16,639037,4849268
582,16,638131,4849059
583,16,637464,4848900
584,16,636578,4848494
585,16,635600,4848264
586,16,635324,4848616
587,16,635030,4849944
588,16,634959,4850750
589,16,633772,4851958
590,16,634419,4852330
591,16,635610,4852824
592,16,636027,4851179
593,16,635914,4850348
594,16,636502,4849168
595,16,637269,4849198
596,16,636963,4850711
597,16,637925,4850046
598,16,637391,4851582
599,16,636663,4853410
600,16,637934,4853536
601,16,638600,4852148
602,16,638315,4851260
603,16,638666,4850061
604,16,639667,4849892
605,16,639350,4850794
606,16,639499,4851564
607,16,639590,4852458
608,16,639098,4853834
609,16,640029,4854192
610,16,640540,4852724
611,16,640594,4851866
612,16,640919,4850517
613,16,642610,4851338
614,16,641665,4852064
615,16,641916,4853058
616,16,640871,4854451
617,16,642278,4854848
618,16,642813,4853862
619,16,642499,4852434
620,16,643869,4851768
621,16,643603,4852679
622,16,644397,4853347
623,16,644861,4851716
624,16,646327,4852247
625,16,645256,4853970
1001,20,646865,4868174
1002,20,649997,4870441
1003,20,654020,4870108
1004,20,646205,4863095
1005,20,654448,4866226
1006,20,656586,4866318
1007,20,658700,4867146
1008,20,645911,4862064
1009,20,647496,4863037
1010,20,649771,4863542
1011,20,651967,4864495
1012,20,647597,4860594
1013,20,648185,4861758
1014,20,649927,4862681
1015,20,652136,4863913
1016,20,652704,4863045
1017,20,655157,4865094
1018,20,656610,4864708
1019,20,659099,4866972
1020,20,648662,4860554
1021,20,650696,4860958
1022,20,653209,4861146
1023,20,653683,4861142
1024,20,648572,4856592
1025,20,650671,4857708
1026,20,650891,4859263
1027,20,653344,4860834
1028,20,653676,4859742
1029,20,654118,4859163
1030,20,651550,4856287
1031,20,652844,4856893
1032,20,653880,4857862
1033,20,654647,4857678
1034,20,649124,4853894
1035,20,650544,4855029
1036,20,650676,4854098
1037,20,651666,4855528
1038,20,652076,4854798
1039,20,653666,4856168
1040,20,653230,4855409
1041,20,653390,4855045
1042,20,653773,4855639
1043,20,654294,4855792
1044,20,654803,4856246
1045,20,655149,4856642
1046,20,650717,4853206
1047,20,651104,4852072
1048,20,651705,4853724
1049,20,652286,4852901
1050,20,653771,4854083
1051,20,654491,4854926
1052,20,654359,4854033
1053,20,655372,4854418
1054,20,655585,4855382
1055,20,655985,4854444
1056,20,655724,4852919
1057,21,655494,4861932
1058,21,657317,4862415
1059,21,658616,4863429
1060,21,656441,4860243
1061,21,657941,4860734
1062,21,657892,4862082
1063,21,659538,4862368
1064,21,659062,4861219
1065,21,659873,4861176
1066,21,660618,4862419
1067,21,655579,4858860
1068,21,656792,4859394
1069,21,657985,4859658
1070,21,658774,4859888
1071,21,659712,4859831
1072,21,660340,4860060
1073,21,661265,4859960
1074,21,655796,4858048
1075,21,656799,4858490
1076,21,658144,4858598
1077,21,658972,4858576
1078,21,659663,4858732
1079,21,660650,4859427
1080,21,656275,4857330
1081,21,656958,4857504
1082,21,658153,4857784
1083,21,658970,4858369
1084,21,659122,4857914
1085,21,659840,4858456
1086,21,661001,4859080
1087,21,661590,4859298
1088,21,658536,4856602
1089,21,659412,4856942
1090,21,660534,4856942
1091,21,662091,4857626
1092,21,658109,4855534
1093,21,658406,4854312
1094,21,659177,4855703
1095,21,659737,4855998
1096,21,659674,4854450
1097,21,661116,4855648
1098,21,662540,4856368
1099,22,659880,4873450
1100,22,661822,4874747
1101,22,663296,4875638
1102,22,660157,4870686
1103,22,662424,4871100
1104,22,664636,4872122
1105,22,661805,4869427
1106,22,663824,4869562
1107,22,665239,4869736
1108,22,659249,4867322
1109,22,661141,4866387
1110,22,664128,4868690
1111,22,664133,4867526
1112,22,665146,4869119
1113,22,665724,4867802
1114,22,660343,4864380
1115,22,661766,4864082
1116,22,663667,4864666
1117,22,665017,4865098
1118,22,666407,4865538
1119,22,661005,4862355
1120,22,661386,4863228
1121,22,663003,4863006
1122,22,664010,4863600
1123,22,664769,4863678
1124,22,665705,4864006
1125,22,667177,4864478
1126,22,662123,4859621
1127,22,662495,4860672
1128,22,663250,4861689
1129,22,663656,4860493
1130,22,664527,4861786
1131,22,665018,4860682
1132,22,665151,4862196
1133,22,665631,4860955
1134,22,666300,4862700
1135,22,666698,4861568
1136,22,667705,4863110
1137,22,667954,4861820
1138,22,662076,4859284
1139,22,663081,4859332
1140,22,664130,4859714
1141,22,665141,4860316
1142,22,665128,4859692
1143,22,665595,4860406
1144,22,666100,4859680
1145,22,667164,4860800
1146,22,667493,4859656
1147,22,668181,4861110
1148,22,668566,4859740
1149,22,662429,4857800
1150,22,663061,4856758
1151,22,665090,4858434
1152,22,665807,4858958
1153,22,665113,4857932
1154,22,667696,4858550
1155,22,668966,4858960
1156,23,666088,4876098
1157,23,666667,4875936
1158,23,665741,4871551
1159,23,667214,4872598
1160,23,667524,4872156
1161,23,670264,4874278
1162,23,665847,4871350
1163,23,667469,4871983
1164,23,668088,4872061
1165,23,666516,4870271
1166,23,667852,4870800
1167,23,668415,4871355
1168,23,670818,4872309
1169,23,671765,4872597
1170,23,666961,4868456
1171,23,668385,4869334
1172,23,668889,4870919
1173,23,669825,4868772
1174,23,670409,4871236
1175,23,670417,4868840
1176,23,671730,4871638
1177,23,672445,4870164
1178,23,668439,4866202
1179,23,669209,4867663
1180,23,670394,4867461
1181,23,671497,4867518
1182,23,672733,4867694
1183,23,668132,4864490
1184,23,668627,4865774
1185,23,669328,4864323
1186,23,670277,4865845
1187,23,670887,4865977
1188,23,671923,4866272
1189,23,673411,4866653
1190,23,669041,4863432
1191,23,669323,4862289
1192,23,669921,4863516
1193,23,670539,4862592
1194,23,670870,4863921
1195,23,671152,4863197
1196,23,671391,4862813
1197,23,671346,4863904
1198,23,671581,4863332
1199,23,671857,4862976
1200,23,672699,4864680
1201,23,672981,4863536
1202,23,674274,4864988
1203,23,674378,4864128
1204,23,669574,4861584
1205,23,670274,4861937
1206,23,670964,4862336
1207,23,670794,4861610
1208,23,671753,4862650
1209,23,671905,4861980
1210,23,673391,4862725
1211,23,674892,4863199
1212,23,670141,4860286
1213,23,671100,4860984
1214,23,672287,4861361
1215,23,673637,4861832
1216,23,675721,4861980
1217,23,670976,4860249
1218,23,671626,4859094
1219,23,672325,4860053
1220,23,672450,4858786
1221,23,672967,4860753
1222,23,673319,4859150
1223,23,674032,4861150
1224,23,673858,4860211
1225,23,675890,4861069
1226,24,677098,4878236
1227,24,681093,4877829
1228,24,677963,4873109
1229,24,682824,4875074
1230,24,677215,4869602
1231,24,680919,4870752
1232,24,683711,4871654
1233,24,675919,4867686
1234,24,681886,4868058
1235,24,684611,4869905
1236,24,675915,4865686
1237,24,675933,4864244
1238,24,677469,4864904
1239,24,679259,4866256
1240,24,678448,4864902
1241,24,676732,4863208
1242,24,678403,4863565
1243,24,676825,4861596
1244,24,678793,4861666
1245,24,678623,4864150
1246,24,679108,4862710
1247,24,680170,4861252
1248,24,680324,4860740
1249,24,681508,4865142
1250,24,681470,4863860
1251,24,681346,4861914
1252,24,682828,4860728
1253,24,684036,4864533
1254,24,684392,4863732
1255,24,685379,4862526
1256,24,684314,4867862
1257,24,685788,4868195
1258,24,685030,4866096
1259,24,685843,4867073
1260,24,685668,4864974
1261,24,686501,4865439
1262,24,685237,4863890
1263,24,685985,4864337
1264,24,686666,4864382
1265,24,687433,4863873
1266,24,686518,4861822
1267,24,687536,4863105
1268,24,687572,4868124
1269,24,688033,4864753
1270,24,689475,4866638
1271,24,688210,4864608
1272,24,689237,4863362
1273,24,689799,4864374
1274,24,690458,4863208
1275,24,688845,4878540
1276,24,688445,4875190
1277,24,693912,4878391
1278,24,690231,4873536
1279,24,691160,4872208
1280,24,694645,4870126
1281,24,700748,4872118
1282,24,692131,4868492
1283,24,691634,4866272
1284,24,692950,4866783
1285,24,691474,4864629
1286,24,693031,4865011
1287,24,693854,4865539
1288,24,691746,4863608
1289,24,693893,4863882
1290,24,696300,4866753
1291,24,695559,4864299
1292,24,703998,4865678
1293,19,655452,4891134
1294,19,661612,4891356
1295,19,657092,4883695
1296,19,662209,4885733
1297,19,661965,4883244
1298,19,663553,4886518
1299,19,663897,4885326
1300,19,664190,4884228
1301,19,664197,4887712
1302,19,664666,4885498
1303,19,664833,4884924
1304,19,668652,4892226
1305,19,674596,4891676
1306,19,658832,4878292
1307,19,663817,4880758
1308,19,666521,4881278
1309,19,673917,4885033
1310,19,677592,4886776
1311,18,641604,4897794
1312,18,640918,4890194
1313,18,647565,4891604
1314,18,643267,4879810
1315,18,647486,4882854
1316,18,650225,4887672
1317,18,649780,4885808
1318,18,650198,4884856
1319,18,651826,4882938
1320,18,645164,4874304
1321,18,652683,4876409
1322,17,645109,4917352
1323,17,648074,4922762
1324,17,649887,4924948
1325,17,646823,4921372
1326,17,645409,4913851
1327,17,652479,4920042
1328,17,649356,4907110
1329,17,654293,4912685
1330,17,656293,4912577
1331,17,656362,4909128
1332,17,654318,4902832
1333,17,651717,4898021
1334,17,656960,4901280
2001,33,609172,4846372
2002,33,611244,4845855
2003,33,610857,4847300
2004,33,608505,4847573
2005,33,610624,4848234
2006,33,607497,4849896
2007,33,608854,4850155
2008,33,610346,4849761
2009,33,607312,4850994
2010,33,608821,4852216
2011,33,609982,4852718
2012,33,607377,4853567
2013,33,607682,4855058
2014,33,609146,4854976
2015,33,604980,4856048
2016,33,609080,4856078
2017,33,605533,4858256
2018,33,610448,4858452
2019,33,609937,4855962
2020,33,610556,4854544
2021,33,610802,4854953
2022,33,611280,4852902
2023,33,610888,4850440
2024,33,611767,4851555
2025,33,612714,4851858
2026,33,613543,4850426
2027,33,612288,4849259
2028,33,611145,4849110
2029,33,611561,4847933
2030,33,612668,4848395
2031,33,611520,4847448
2032,33,611938,4845864
2033,33,612870,4846129
2034,33,612094,4847099
2035,33,612082,4847873
2036,33,613015,4848060
2037,33,613276,4847418
2038,33,614645,4846709
2039,33,614914,4846892
2040,33,614737,4848381
2041,33,614006,4848516
2042,33,614238,4849222
2043,33,614138,4850484
2044,33,612738,4852392
2045,33,612567,4852588
2046,33,613461,4855088
2047,33,612611,4856301
2048,33,612767,4857500
2049,33,614544,4861142
2050,33,615186,4861201
2051,33,613664,4858759
2052,33,613750,4857163
2053,33,614894,4855756
2054,33,614817,4853412
2055,33,615485,4854202
2056,33,614636,4852432
2057,33,615814,4852538
2058,33,615171,4850348
2059,33,615410,4849240
2060,33,616062,4850712
2061,33,616478,4849534
2062,33,615581,4848715
2063,33,616688,4849239
2064,33,616826,4848148
2065,33,616305,4847302
2066,33,617140,4847491
2067,33,617154,4848246
2068,33,617045,4849434
2069,33,616929,4849666
2070,33,616793,4850990
2071,33,616466,4852073
2072,33,616306,4854694
2073,33,615853,4856021
2074,33,615534,4857908
2075,33,616149,4861364
2076,33,618294,4862786
2077,33,616563,4859096
2078,33,617020,4857138
2079,33,617651,4855560
2080,33,617468,4854224
2081,33,617652,4853734
2082,33,617839,4852332
2083,33,617987,4851298
2084,33,618293,4850160
2085,33,618476,4849694
2086,33,618622,4848868
2087,33,618742,4848008
2088,33,620347,4848530
2089,33,619125,4849035
2090,33,620815,4849568
2091,33,619054,4849927
2092,33,620659,4850563
2093,33,619029,4850253
2094,33,618676,4851658
2095,33,620545,4851398
2096,33,618386,4853036
2097,33,619868,4853952
2098,33,618316,4855398
2099,33,619441,4855674
2100,33,617759,4857032
2101,33,618803,4857514
2102,33,618694,4859705
2103,33,619046,4862885
2104,33,619780,4860828
2105,33,619594,4857305
2106,33,619927,4858314
2107,33,620035,4855857
2108,33,621645,4856481
2109,33,620430,4854110
2110,33,621594,4854959
2111,33,621587,4853823
2112,33,620794,4852206
2113,33,620930,4851110
2114,33,621993,4852877
2115,33,621890,4851712
2116,33,620941,4850656
2117,33,621288,4849666
2118,33,621310,4848836
2119,33,622863,4849353
2120,33,622409,4850242
2121,33,624160,4849873
2122,33,623918,4850594
2123,33,623566,4851252
2124,33,624498,4851607
2125,33,624405,4852160
2126,33,623477,4851889
2127,33,623864,4852700
2128,33,622774,4853780
2129,33,622727,4855259
2130,33,623743,4854498
2131,33,623672,4855487
2132,33,621882,4856230
2133,33,623688,4856862
2134,33,621583,4857641
2135,33,623065,4858417
2136,33,623044,4859929
2137,33,622380,4860694
2138,33,621903,4863490
2139,33,625456,4850242
2140,33,626865,4850777
2141,33,625285,4851407
2142,33,626369,4851668
2143,33,625027,4852504
2144,33,624809,4853253
2145,33,626352,4853777
2201,29,624220,4854657
2202,29,624151,4855932
2203,29,625391,4855342
2204,29,625904,4854772
2205,29,625958,4856065
2206,29,624540,4856720
2207,29,625774,4857280
2208,29,624231,4857840
2209,29,625263,4858192
2210,29,624166,4858663
2211,29,625089,4858842
2212,29,623852,4859662
2213,29,625098,4860062
2214,29,623577,4860966
2215,29,624691,4860992
2216,29,623506,4861804
2217,29,624771,4862180
2218,29,623538,4863151
2219,29,624229,4863458
2220,29,622351,4864262
2221,29,624116,4864950
2222,29,622521,4866200
2223,29,623661,4866504
2224,29,622365,4866762
2225,29,623753,4867094
2226,29,622126,4867900
2227,29,623225,4868216
2228,29,624196,4868430
2229,29,625315,4868634
2230,29,624175,4867390
2231,29,625109,4867687
2232,29,624854,4866488
2233,29,625039,4865491
2234,29,624725,4864722
2235,29,625247,4863390
2236,29,625442,4862510
2237,29,625407,4861373
2238,29,626506,4862313
2239,29,626188,4861298
2240,29,625343,4860592
2241,29,625670,4859338
2242,29,626502,4860653
2243,29,626768,4859542
2244,29,626000,4857780
2245,29,626984,4858175
2246,29,626072,4856484
2247,29,627477,4856909
2248,29,627046,4855827
2249,29,626267,4855198
2250,29,627222,4855503
2251,29,628667,4855843
2252,29,628395,4857061
2253,29,629881,4855904
2254,29,629524,4856981
2255,29,628200,4858348
2256,29,629052,4859016
2257,29,627972,4859854
2258,29,628421,4861114
2259,29,628118,4861932
2260,29,627785,4863633
2261,29,626765,4865272
2262,29,626954,4866754
2263,29,627983,4866256
2264,29,626292,4868862
2265,29,627848,4869434
2266,29,628792,4866960
2267,29,628086,4865938
2268,29,628880,4862212
2269,29,629251,4860940
2270,29,629746,4858446
2271,29,630074,4857398
2272,29,630206,4856062
2351,31,627239,4851010
2352,31,628404,4851433
2353,31,627043,4852016
2354,31,628038,4852228
2355,31,628323,4852986
2356,31,626950,4853370
2357,31,626763,4853707
2358,31,627544,4853944
2359,31,626449,4854434
2360,31,628021,4854251
2361,31,627543,4854917
2362,31,628779,4853959
2363,31,628998,4853126
2364,31,629189,4851927
2365,31,630219,4852653
2366,31,631540,4852747
2367,31,630593,4854284
2368,31,628916,4855334
2369,31,629969,4855610
2370,31,630236,4855650
2371,31,632496,4853202
2372,31,632159,4854510
2373,31,631843,4856184
2374,31,631586,4856640
2375,31,631357,4857470
2376,31,631025,4859466
2377,31,630771,4861369
2378,31,630673,4862547
2379,31,631375,4863480
2380,31,631399,4861092
2381,31,632996,4861362
2382,31,632263,4860636
2383,31,632176,4859324
2384,31,632088,4858120
2385,31,632131,4856890
2386,31,633270,4858102
2387,31,633253,4857530
2388,31,633474,4857188
2389,31,632340,4856524
2390,31,633751,4856844
2391,31,632518,4854663
2392,31,633260,4854750
2393,31,632878,4853770
2394,31,633118,4852934
2395,31,634157,4854649
2396,31,634412,4853348
2397,31,634921,4853716
2398,31,635786,4854099
2399,31,636261,4853943
2400,31,634624,4855010
2401,31,635193,4855356
2402,31,636216,4855384
2403,31,634441,4856249
2404,31,635034,4856561
2405,31,633969,4856972
2406,31,634937,4857455
2407,31,636100,4857566
2408,31,634165,4857876
2409,31,635634,4858507
2410,31,634577,4859145
2411,31,633635,4860042
2412,31,634992,4860875
2413,31,634509,4861830
2414,31,633034,4864714
2415,31,635276,4865502
2416,31,635966,4862546
2417,31,636006,4861666
2418,31,636607,4860920
2419,31,636955,4859598
2420,31,636953,4858642
2421,31,637300,4858414
2422,31,637012,4858040
2423,31,637273,4857452
2424,31,637284,4856381
2425,31,637000,4854794
2426,31,637960,4855305
2427,31,638904,4855838
2428,31,639983,4855879
2429,31,638727,4856792
2430,31,638709,4858728
2431,31,637979,4859106
2432,31,639307,4859407
2433,31,638465,4860346
2434,31,638237,4861389
2435,31,638240,4862370
2436,31,637103,4863310
2437,31,637004,4865647
2438,31,638503,4866670
2439,31,639614,4865539
2440,31,639993,4862776
2441,31,640066,4861824
2442,31,640420,4861270
2443,31,640655,4860538
2444,31,640511,4859923
2445,31,641014,4859454
2446,31,640178,4858581
2447,31,641712,4858236
2448,31,640859,4857455
2449,31,640779,4855816
2450,31,643763,4857524
2451,31,642625,4858042
2452,31,645193,4858300
2453,31,642383,4859870
2454,31,642010,4861044
2455,31,643305,4860746
2456,31,645273,4861266
2457,31,641492,4862220
2458,31,643026,4863815
2459,31,641007,4864511
2460,31,642069,4867968
2551,28,623021,4868882
2552,28,621977,4869945
2553,28,621729,4871330
2554,28,622643,4871994
2555,28,621603,4873110
2556,28,621187,4874062
2557,28,622575,4873560
2558,28,622867,4873912
2559,28,623604,4873844
2560,28,624128,4874603
2561,28,623181,4872221
2562,28,623991,4872222
2563,28,624605,4872729
2564,28,624267,4870946
2565,28,624122,4869262
2566,28,625780,4869799
2567,28,627025,4872462
2568,28,625545,4873617
2569,28,624894,4874662
2570,28,625338,4875895
2571,28,627058,4874621
2572,28,626838,4874231
2573,28,627288,4872484
2574,28,627691,4871357
2601,27,621116,4876408
2602,27,621874,4876593
2603,27,620870,4877134
2604,27,621827,4877398
2605,27,620613,4878017
2606,27,621674,4878614
2607,27,620662,4879240
2608,27,620998,4880140
2609,27,621573,4879566
2610,27,622321,4880533
2611,27,622283,4879598
2612,27,621931,4878902
2613,27,623101,4879028
2614,27,622214,4877602
2615,27,623034,4877917
2616,27,622522,4876544
2617,27,623939,4877162
2618,27,624937,4877127
2619,27,624893,4878782
2620,27,624152,4879649
2621,27,624249,4880145
2622,27,624878,4880905
2623,27,625726,4881010
2624,27,625939,4879759
2625,27,626079,4878325
2651,32,604885,4863700
2652,32,603981,4868617
2653,32,605494,4872770
2654,32,606193,4873422
2655,32,607780,4867402
2656,32,607524,4862344
2657,32,607897,4861331
2658,32,609208,4861897
2659,32,608373,4862319
2660,32,613964,4863523
2661,32,612975,4869232
2662,32,610811,4872838
2663,32,611023,4876131
2664,32,616179,4880584
2665,32,618109,4885597
2666,32,617382,4873730
2667,32,618965,4868448
2668,32,616005,4863870
2669,32,617512,4865582
2670,32,617700,4864186
2671,32,618595,4865681
2672,32,618984,4864938
2673,32,621828,4866140
2674,32,620454,4866595
2701,30,630153,4867600
2702,30,629272,4873278
2703,30,628396,4878615
2704,30,633642,4879956
2705,30,632509,4873932
2706,30,633873,4868674
2707,30,636301,4868551
2708,30,638968,4869840
2709,30,638824,4869396
2710,30,641029,4869984
2711,30,640033,4870597
2712,30,641022,4870662
2713,30,642169,4870524
2714,30,641924,4871245
2715,30,639158,4873090
2716,30,637577,4873872
2717,30,637279,4876962
2718,30,637034,4878147
2751,26,619360,4880364
2752,26,621279,4880960
2753,26,620902,4881468
2754,26,620456,4883328
2755,26,619482,4885518
2756,26,619255,4887312
2757,26,622003,4893208
2758,26,620080,4887888
2759,26,620647,4886184
2760,26,621449,4883990
2761,26,621075,4883017
2762,26,621488,4881100
2763,26,624603,4883144
2764,26,624312,4884786
2765,26,623577,4887431
2766,26,623777,4888746
2767,26,623258,4892748
2768,26,623935,4889680
2769,26,625749,4889162
2770,26,624176,4887640
2771,26,625812,4888838
2772,26,625058,4884816
2773,26,626631,4885090
2774,26,625294,4884056
2775,26,627005,4883488
2776,26,625280,4882336
2777,26,627382,4881045
2778,26,627821,4881202
2779,26,628662,4883474
2780,26,627326,4890885
2781,26,632486,4891712
2782,26,634492,4885766
2783,26,635013,4888378
2851,25,619054,4893432
2852,25,622131,4895552
2853,25,622432,4897210
2854,25,621815,4899968
2855,25,620994,4901224
2856,25,622338,4901688
2857,25,619679,4903214
2858,25,621887,4905230
2859,25,623143,4899802
2860,25,623521,4898886
2861,25,623224,4897649
2862,25,624045,4898294
2863,25,622902,4895143
2864,25,623710,4896584
2865,25,624443,4896737
2866,25,624837,4900827
2867,25,625461,4907192
2868,25,630140,4907893
2869,25,631945,4907577
2870,25,630470,4901824
2871,25,633564,4903605
2872,25,636134,4902959
2873,25,637689,4909715
2874,25,640890,4905032
2875,25,644926,4902368
2876,25,643007,4908157
2877,25,642989,4911297
3001,34,596381,4856312
3002,34,598878,4859823
3003,34,600485,4861746
3004,34,591472,4839740
3005,34,592534,4844139
3006,34,593574,4843905
3007,34,594186,4844238
3008,34,594024,4845545
3009,34,595113,4846254
3010,34,595743,4845647
3011,34,595809,4844642
3012,34,596576,4846722
3013,34,597185,4846408
3014,34,598638,4848524
3015,34,598982,4852212
3016,34,599798,4855663
3017,34,602357,4854863
3100,34,589756,4866111
3101,34,589689,4860299
3102,34,580033,4849412
3103,34,580892,4857223
3104,34,580239,4862858
3105,34,574724,4856575
3106,34,575613,4860956
3107,34,572640,4856490
3108,34,585002,4850761
3146,34,593115,4845197
3151,34,592320,4850274
3152,34,584606,4856984
3153,34,599788,4858367
3188,34,591042,4838573
3189,34,595282,4860456
3190,34,603333,4858016
3191,34,603072,4856968
3192,34,602443,4858860
3193,34,601199,4860436
3194,34,601396,4858751
3195,34,597968,4865184
3196,34,586804,4844550
3197,34,591375,4858209
3198,34,593575,4861924
3199,34,595149,4867522
3323,35,599726,4831418
3324,35,601454,4833586
3325,35,602077,4834680
3326,35,602669,4836051
3327,35,603435,4836786
3328,35,604682,4838042
3329,35,606124,4840561
3330,35,608763,4843563
3331,35,604979,4843512
3332,35,606170,4843697
3333,35,607379,4844290
3334,35,602524,4845506
3335,35,603838,4845928
3336,35,607644,4846174
3337,35,607372,4849170
3338,35,604733,4839396
3339,35,605627,4840471
3340,35,602725,4837751
3341,35,604101,4838550
3342,35,601345,4838974
3343,35,602631,4839694
3344,35,600770,4836385
3345,35,601073,4837565
3346,35,598141,4836650
3347,35,598999,4837299
3348,35,599984,4837320
3349,35,599361,4838259
3350,35,599618,4838205
3351,35,600254,4837674
3352,35,600612,4838366
3353,35,594673,4833248
3354,35,598425,4834998
3355,35,602648,4840425
3356,35,604029,4840578
3357,35,602992,4841384
3358,35,603922,4842389
3359,35,597893,4837753
3360,35,599263,4839334
3361,35,600115,4840347
3362,35,601146,4840948
3363,35,602305,4842023
3364,35,603242,4843058
3365,35,599152,4835198
3366,35,600411,4834439
3367,35,601622,4835650
3368,35,602051,4836406
3369,35,596806,4837805
3370,35,598368,4840026
3371,35,599388,4841126
3372,35,600402,4842182
3373,35,601283,4843121
3374,35,601839,4844584
3375,35,595049,4837759
3376,35,596012,4838987
3377,35,597237,4840690
3378,35,598145,4841964
3379,35,598770,4844230
3380,35,599112,4845053
3381,35,594887,4842988
3382,35,597154,4844118
3383,35,596587,4839512
3384,35,594615,4841319
3385,35,600132,4846350
3386,35,601137,4847136
3387,35,602927,4848904
3417,35,599285,4843275
3418,35,600158,4844195
3419,35,601001,4845364
3420,35,602063,4846148
3421,35,604167,4844048
3422,35,604653,4845224
3423,35,605933,4842192
3424,35,605140,4838817
3425,35,597914,4839404
3426,35,596232,4830292
3427,35,597639,4833984
3428,35,595389,4832106
3429,35,597877,4835254
3430,35,597316,4834434
3431,35,594536,4835633
3432,35,592316,4838640
3433,35,590814,4836726
3434,35,593987,4838863
3435,35,593256,4839554
3436,35,594841,4839691
3437,35,593790,4841282
3438,35,597815,4845265
3439,35,598021,4845518
3440,35,598200,4847344
3441,35,599773,4848648
3442,35,600631,4849492
3443,35,602257,4851750
3444,35,603935,4853054
3445,35,603896,4851116
3447,35,601669,4848052
3448,35,604370,4847626
3449,35,605205,4846701
3450,35,597461,4828711
3451,35,591374,4835906
3452,35,592396,4834327
3453,35,591057,4838008
3454,35,592581,4836699
3455,35,594242,4835522
3456,35,593985,4837220
3457,35,594363,4835651
3458,35,595370,4840726
3459,35,594692,4842487
3460,35,596882,4843182
3461,35,596088,4841424
3462,35,597138,4840359
3463,35,595294,4836730
3464,35,596217,4841826
3465,35,595820,4843231
3466,35,596750,4842378
3467,35,597716,4841402
3468,35,602410,4847300
3469,35,602317,4848505
3470,35,603368,4850508
3471,35,604973,4849153
3472,35,602915,4852562
3473,35,605394,4850566
3474,35,604355,4854884
3475,35,605983,4853009
3476,35,606756,4850822
3477,35,595214,4834111
3478,35,595987,4832781
3479,35,597577,4831742
3480,35,599032,4830320
3481,35,598488,4831814
3482,35,595934,4837130
3483,35,595677,4836252
3484,35,599971,4833298
3485,35,600398,4832666
3486,35,597547,4838667
3487,35,598426,4838018
3488,35,599926,4836572
3489,35,600379,4835965
3490,35,599370,4836714
3491,35,598712,4838589
3492,35,599772,4837676
3493,35,602594,4834099
3494,35,601110,4835288
3495,35,603072,4835022
3496,35,600653,4839664
3497,35,600593,4838664
3498,35,603652,4835790
3499,35,601109,4839298
3500,35,601480,4841388
3501,35,604199,4835672
3502,35,605652,4837462
3503,35,606100,4838818
3504,35,605526,4839714
3505,35,602380,4843828
3506,35,604936,4841174
3507,35,606493,4839192
3508,35,606786,4841280
3509,35,603614,4845070
3510,35,602082,4840604
3511,35,604667,4841792
3512,35,603555,4846924
3513,35,607396,4842401
3514,35,607562,4842194
3515,35,600047,4838976
3516,35,605495,4848518
3517,35,606913,4847589
3518,35,607656,4848190
3519,35,608174,4846954
3520,35,599162,4838088
3601,36,604055,4823506
3602,36,603253,4823970
3603,36,604369,4824871
3604,36,604716,4826777
3605,36,612139,4834465
3606,36,606822,4828484
3607,36,606084,4828358
3608,36,605750,4829809
3609,36,609657,4832636
3610,36,611395,4829978
3611,36,602191,4828408
3612,36,601054,4827744
3613,36,604734,4823992
3614,36,609086,4818284
3615,36,599657,4824633
3616,36,598319,4825898
3617,36,597868,4826780
3618,36,600990,4829698
3619,36,602988,4831314
3620,36,603599,4832311
3621,36,605121,4833712
3622,36,612554,4831766
3623,36,610218,4819448
3624,36,607283,4837013
3625,36,608525,4838642
3626,36,606145,4836178
3627,36,608305,4840490
3628,36,608734,4841438
3629,36,609708,4842616
3630,36,610321,4841722
3631,36,607724,4822576
3632,36,612281,4825285
3633,36,608193,4819426
3634,36,605920,4819302
3635,36,604221,4820922
3636,36,603441,4821890
3637,36,600659,4825040
3638,36,599501,4826168
3639,36,610701,4817737
3640,36,611649,4818983
3641,36,613254,4821907
3642,36,615116,4824322
3643,36,616621,4826388
3644,36,609817,4818529
3645,36,610426,4820376
3646,36,611870,4821942
3647,36,613304,4823854
3648,36,614182,4824824
3649,36,615393,4826726
3650,36,607350,4820056
3651,36,609372,4821542
3652,36,611936,4824218
3653,36,613246,4825906
3654,36,614864,4827956
3655,36,610069,4823506
3656,36,611181,4824730
3657,36,611888,4825674
3658,36,610996,4828162
3659,36,612712,4826560
3660,36,613802,4828281
3661,36,615180,4830050
3662,36,606690,4820738
3663,36,607412,4821916
3664,36,609204,4823972
3665,36,610409,4824974
3666,36,611236,4825850
3667,36,612031,4826930
3668,36,612058,4827714
3669,36,613285,4829120
3670,36,614276,4830652
3671,36,609179,4825652
3672,36,610336,4826707
3673,36,611472,4828530
3674,36,612605,4829688
3675,36,613545,4831100
3676,36,605185,4822120
3677,36,606311,4823148
3678,36,608200,4825856
3679,36,609331,4826732
3680,36,610657,4828929
3681,36,611878,4830760
3682,36,613186,4832497
3683,36,604324,4822880
3684,36,605165,4823998
3685,36,606804,4826086
3686,36,608200,4827988
3687,36,609629,4829700
3688,36,606130,4826890
3689,36,607806,4829128
3690,36,608542,4830329
3691,36,604919,4827618
3692,36,606908,4829658
3693,36,607706,4831456
3694,36,604361,4829241
3695,36,605342,4830306
3696,36,606407,4832887
3697,36,604344,4830970
3698,36,610996,4831566
3699,36,611506,4832474
3700,36,610351,4832021
3701,36,611110,4833077
3702,36,612992,4835242
3703,36,608306,4834229
3704,36,608717,4835358
3705,36,607007,4835338
3706,36,606874,4837496
3707,36,608186,4839111
3708,36,609441,4839709
3709,36,611869,4837588
3710,36,611042,4838952
3711,36,610568,4840973
3712,36,609464,4840756
3713,36,609550,4834460
3714,36,602306,4824842
3715,36,603394,4825870
3716,36,601252,4825799
3717,36,601823,4827198
3718,36,602886,4828206
3719,36,599910,4827160
3720,36,599092,4827988
3721,36,599909,4829001
3722,36,601568,4830752
3723,36,610746,4827026
3724,36,611073,4827099
3809,36,600981,4823592
3810,36,601684,4822628
3811,36,602845,4821984
3812,36,605305,4819918
3813,36,605667,4821306
3814,36,608125,4824107
3815,36,609729,4828368
3816,36,610689,4837204
3817,36,597838,4828280
3818,36,601002,4828844
3819,36,598118,4827994
3820,36,600342,4826263
3821,36,601586,4828296
3822,36,601267,4829046
3823,36,601709,4828450
3824,36,605525,4832152
3825,36,606293,4831151
3826,36,605287,4832399
3827,36,605345,4832491
3828,36,605574,4832369
3829,36,609492,4841642
3830,36,609780,4841570
3831,36,606982,4830866
3832,36,608705,4829137
3833,36,608602,4829121
3834,36,607287,4830390
3835,36,606923,4830714
3836,36,603709,4826289
3837,36,603938,4823956
3838,36,603975,4822990
3839,36,604452,4823767
3840,36,606120,4822173
3841,36,608942,4828695
3842,36,609122,4827111
3843,36,609032,4827585
3844,36,609243,4827879
3845,36,609555,4828114
3846,36,609218,4827650
3847,36,609471,4826972
3848,36,609702,4827216
3849,36,610038,4827579
3850,36,609778,4827842
3851,36,609541,4827500
3852,36,610174,4827706
3853,36,610182,4828038
3854,36,609942,4828049
3855,36,609013,4829030
3856,36,612454,4831136
3857,36,612474,4831246
3858,36,612911,4830943
3859,36,612754,4830852
3860,36,614305,4829582
3861,36,614069,4829570
3862,36,611698,4826421
3863,36,610584,4827597
3864,36,610248,4827377
3865,36,609808,4827076
3866,36,609558,4826810
3867,36,611357,4826294
3868,36,606184,4821934
3869,36,608949,4820054
3870,36,608921,4820477
3871,36,611734,4826040
3872,36,611825,4826222
3873,36,614269,4829374
3874,36,614385,4829436
3875,36,615789,4825176
3876,36,615687,4825103
3877,36,614356,4823327
3878,36,614029,4822748
3879,36,611134,4819026
4001,39,603464,4804284
4002,39,601322,4804997
4003,39,602899,4807350
4004,39,603768,4806753
4005,39,604554,4805862
4006,39,605558,4807704
4007,39,604887,4808109
4008,39,604167,4808982
4009,39,605365,4810503
4010,39,605775,4809708
4011,39,606715,4810010
4012,39,606412,4811104
4013,39,606970,4811337
4014,39,606526,4812396
4015,39,607223,4812062
4016,39,607807,4811297
4017,39,608131,4812704
4018,39,608682,4813812
4019,39,607813,4814146
4020,39,609793,4814886
4021,39,608924,4815761
4022,39,607785,4815460
4023,39,608352,4817053
4024,39,606802,4818628
4025,39,605584,4815900
4026,39,606248,4815302
4027,39,606611,4813828
4028,39,606271,4814452
4029,39,605439,4813833
4030,39,605689,4812908
4031,39,604350,4812568
4032,39,604909,4815024
4033,39,604950,4816718
4034,39,603878,4815642
4035,39,603727,4815122
4036,39,604042,4814142
4037,39,602556,4813646
4038,39,603366,4813223
4039,39,601648,4811522
4040,39,604255,4811182
4041,39,602754,4810219
4042,39,601897,4808922
4043,39,601302,4807633
4044,39,600229,4806033
4045,39,599608,4808946
4046,39,596586,4810083
4047,39,597099,4812272
4048,39,600971,4816175
4049,39,602038,4817509
4050,40,591898,4793897
4051,40,593224,4795302
4052,40,592255,4794960
4053,40,594119,4796901
4054,40,594505,4796424
4055,40,595494,4796926
4056,40,597258,4796499
4057,40,595929,4797828
4058,40,595646,4798970
4059,40,596696,4798470
4060,40,597556,4797712
4061,40,598209,4798708
4062,40,597272,4799712
4063,40,597488,4800258
4064,40,598373,4799830
4065,40,599058,4799226
4066,40,599840,4800040
4067,40,599068,4800650
4068,40,598408,4801316
4069,40,599295,4802546
4070,40,599675,4801910
4071,40,600187,4801570
4072,40,600228,4800742
4073,40,601119,4801782
4074,40,601894,4802293
4075,40,602597,4802910
4076,40,601261,4803126
4077,40,600292,4803969
4078,40,599228,4805029
4079,40,597865,4806420
4080,40,596732,4805094
4081,40,598451,4803874
4082,40,596938,4801603
4083,40,596401,4802516
4084,40,595458,4803484
4085,40,595209,4801631
4086,40,596208,4800848
4087,40,595290,4800040
4088,40,594504,4799574
4089,40,593949,4801886
4090,40,593308,4801051
4091,40,592187,4797086
4092,40,589862,4794962
4093,40,592043,4803302
4094,40,594043,4805358
4095,40,594704,4808633
4096,40,591636,4809042
4097,40,589463,4806566
4098,40,587227,4809179
4099,40,588648,4811132
4100,38,595030,4812602
4101,38,591675,4812420
4102,38,592526,4814232
4103,38,590710,4815797
4104,38,593760,4815872
4105,38,591853,4817143
4106,38,596753,4816444
4107,38,594229,4816620
4108,38,592832,4818237
4109,38,594897,4818391
4110,38,594035,4818937
4111,38,596673,4819764
4112,38,595376,4821895
4113,38,600013,4820150
4114,38,598362,4822886
4115,38,596034,4823617
4116,38,594613,4821878
4117,38,592757,4822311
4118,38,593802,4820617
4119,38,591652,4820670
4120,38,593047,4819725
4121,38,588513,4822674
4122,38,588489,4819242
4123,38,590675,4819832
4124,38,591679,4818758
4125,38,590921,4817646
4126,38,590020,4818816
4127,38,589599,4816495
4128,38,588327,4817501
4129,38,587226,4818552
4130,38,587554,4817466
4131,38,589018,4816278
4132,38,584718,4815245
4133,38,587550,4813666
4134,38,583178,4810468
4135,38,581538,4812307
4136,38,582497,4815382
4137,38,580796,4816288
4138,38,577397,4819897
4139,38,582030,4817926
4140,38,577117,4822848
4141,38,574817,4818940
4142,38,571234,4822935
4143,38,573387,4827264
4144,38,586977,4820497
4145,38,587280,4821351
4147,38,588265,4820392
4148,38,590894,4821643
4149,37,588317,4823530
4150,37,591589,4822209
4151,37,593026,4823470
4152,37,594343,4825365
4153,37,597142,4828480
4154,37,592585,4826574
4155,37,595162,4830066
4156,37,592101,4833346
4157,37,591040,4833353
4158,37,590678,4832200
4159,37,589729,4833044
4160,37,589755,4831368
4161,37,589054,4832736
4162,37,588459,4833422
4163,37,586816,4833502
4164,37,586848,4834424
4165,37,589820,4835802
4166,37,586230,4832625
4167,37,585192,4832751
4168,37,587640,4830727
4169,37,585480,4826008
4170,37,583082,4828935
4171,37,577876,4828587
4172,37,580669,4832548
4173,37,581533,4836862
4174,37,584229,4838636
4175,37,578156,4833761
4176,37,578370,4832256
4177,37,578094,4831604
4178,37,577205,4832032
4179,37,576552,4830042
4180,39,604850,4818280
4181,39,603456,4816220
4182,39,603091,4815677
4183,39,600599,4814564
4184,39,600389,4813338
4185,39,599664,4810896
4186,39,600588,4810012
4187,39,598540,4809487
4188,40,596943,4807354
4189,40,596131,4806260
4190,40,597356,4803386
4191,40,586150,4808675
4192,38,589550,4819886
4193,37,589770,4833581
4194,37,588630,4833854
4195,37,586286,4835499
4196,37,577362,4830592
4197,37,577044,4831363
5001,44,598921,4771109
5002,44,597736,4774417
5003,44,601028,4773988
5004,44,591830,4774624
5005,44,597027,4774654
5006,44,594723,4774695
5007,44,598049,4775966
5008,44,587566,4775540
5009,44,597018,4775791
5010,44,594628,4775963
5011,44,599573,4777411
5012,44,602721,4778491
5013,44,593278,4777696
5014,44,598032,4778158
5015,44,595529,4778998
5016,44,589886,4779230
5017,44,599616,4779016
5018,43,583629,4779503
5020,44,587430,4779642
5021,44,599793,4780612
5023,44,594775,4780172
5025,44,592815,4780732
5026,45,599964,4780922
5027,43,585668,4781088
5028,45,602255,4781000
5030,45,605628,4782092
5031,44,595223,4781280
5032,45,598842,4781420
5033,44,590366,4781518
5034,44,593896,4781448
5035,45,600623,4781888
5036,43,578976,4782630
5037,45,597083,4781920
5038,44,588050,4782364
5039,46,595461,4782551
5040,44,590136,4782718
5041,45,598556,4782380
5042,43,582065,4783054
5043,46,594311,4782885
5044,45,597310,4783092
5045,46,593696,4783166
5046,46,592982,4783205
5047,44,588010,4783398
5048,43,586098,4784209
5049,45,602345,4783172
5050,46,592063,4783634
5051,46,591260,4783856
5052,46,595244,4783832
5053,45,597613,4783698
5054,45,599536,4783220
5055,45,600817,4783025
5056,46,590262,4784023
5057,46,593995,4784142
5058,46,589712,4784158
5059,43,581924,4784507
5060,46,593150,4784352
5061,45,609022,4784862
5062,46,595836,4784722
5063,46,592407,4784470
5065,43,580972,4785112
5066,46,587819,4785040
5067,43,582698,4784752
5068,46,595068,4784928
5069,46,591586,4784890
5071,45,604804,4785068
5072,43,570253,4785156
5073,43,585105,4784712
5074,46,594160,4785318
5075,46,590537,4785150
5076,45,604048,4785288
5077,45,606032,4785534
5078,43,583983,4785496
5079,45,601165,4785530
5080,45,600549,4785562
5081,45,603150,4785573
5082,46,593282,4785476
5084,46,589526,4785618
5086,45,602302,4785869
5087,46,592340,4785597
5088,45,609016,4785715
5089,46,595402,4785945
5090,45,604945,4785966
5091,46,588395,4785832
5092,46,591931,4785950
5093,45,601570,4786128
5094,43,585275,4786050
5095,46,594458,4786292
5096,45,604236,4786077
5097,46,591054,4786236
5098,46,587498,4786240
5099,45,600444,4786318
5100,45,610079,4786426
5101,46,596805,4786370
5102,46,593786,4786500
5103,43,577758,4786851
5104,46,589953,4786564
5105,43,583885,4786454
5106,45,603370,4786366
5107,46,599750,4786728
5108,45,606092,4786613
5109,43,581327,4786336
5110,46,592909,4786594
5111,46,599069,4786732
5112,43,585757,4786734
5113,45,602579,4786774
5114,46,595521,4786676
5115,46,588384,4786884
5116,46,592191,4786892
5117,46,598095,4787189
5118,46,601716,4786928
5119,45,604760,4786948
5120,46,597604,4787222
5121,46,591162,4787350
5122,46,594672,4786958
5123,46,600789,4787380
5125,46,590819,4787106
5126,46,600376,4787140
5127,46,596863,4787410
5128,45,603504,4787364
5129,46,589886,4787404
5130,46,594052,4787424
5131,46,599694,4787423
5132,46,596122,4787943
5133,43,587006,4787420
5135,46,593462,4787965
5136,45,602734,4787760
5137,43,584476,4787701
5138,43,582770,4786733
5139,46,587655,4787645
5140,46,588688,4787712
5141,46,595488,4788148
5142,46,590560,4787949
5143,46,592488,4788008
5144,46,591447,4788098
5145,46,601327,4788064
5147,46,590402,4788102
5148,46,598728,4788219
5149,46,597060,4788348
5150,46,594532,4788554
5151,46,597900,4788274
5153,46,600295,4788215
5154,46,596272,4788574
5155,46,593708,4788942
5156,46,592646,4788864
5157,46,595516,4788767
5158,46,590070,4789066
5159,46,591774,4789078
5160,46,588912,4789174
5161,46,597256,4789014
5162,46,596404,4789083
5163,46,591397,4789178
5164,46,593001,4789184
5165,46,594657,4789132
5166,46,586153,4789276
5167,46,590936,4789250
5168,46,591788,4789355
5169,46,600763,4789666
5170,46,593727,4789484
5171,46,591458,4789471
5172,46,592042,4789684
5173,46,596524,4789393
5174,46,590639,4789497
5175,46,587478,4789724
5176,46,595652,4789450
5177,41,572092,4789560
5178,42,583915,4789459
5179,46,591121,4789644
5180,46,590102,4789546
5181,46,592999,4789598
5182,46,599132,4789542
5183,46,594891,4789714
5184,46,591601,4789884
5185,46,589732,4790048
5186,46,592388,4789914
5187,46,591144,4789951
5188,46,594027,4790018
5190,46,591845,4790007
5191,42,585616,4790214
5192,46,590426,4790310
5193,46,591667,4790154
5194,46,593148,4790304
5195,46,591334,4790318
5196,46,588612,4790370
5197,46,597016,4790131
5198,46,587715,4790096
5199,46,592363,4790566
5200,46,590524,4790750
5201,46,591651,4790720
5202,42,583609,4790909
5203,46,589341,4790628
5204,46,590968,4790868
5205,42,584619,4791002
5206,46,593733,4790986
5207,42,585563,4791367
5208,46,592492,4791512
5210,46,595563,4791063
5211,46,590412,4792526
5212,46,598715,4792384
5213,42,586687,4791884
5214,41,584880,4793389
5215,42,588335,4794574
5216,41,566995,4795220
5219,41,574377,4799373
5223,41,586079,4800928
5224,41,578297,4804572
5225,41,570617,4805188
5226,41,582061,4805424
5227,41,578440,4808888
5228,41,588705,4799416
5229,41,588277,4798630
5230,41,590263,4799670
5231,41,589538,4798678
5232,41,588635,4797898
5233,41,589006,4797278
5234,41,589887,4798323
5235,41,591349,4799950
5236,42,582714,4789820
5237,45,603319,4788381
5238,45,606141,4787501
5239,46,597846,4785680
5240,46,598201,4784762
5241,46,598861,4785496
5242,44,595673,4780356
5243,44,597637,4779894
5244,44,596643,4781428
5245,44,598839,4780656
5246,42,582368,4790228
5247,42,580876,4789743
5248,41,581671,4792135
5249,41,583371,4795340
5250,41,581466,4796288
5251,41,586800,4795522
5252,42,584274,4790277
5253,46,596624,4784948
6000,0,773636,4889333
6001,0,727030,4871766
6002,0,713481.5,4908180
6003,0,686373,4893191
6004,0,680037,4913603
6005,0,655441,4932942
6100,0,608379,4892707
6101,0,588473,4891764
6102,0,603874,4911985
6103,0,592140,4934406
6104,0,628914,4940378
6201,0,572002,4862799
6202,0,563871,4880703
6301,0,562724,4818286
6302,0,570142,4839202
6303,0,537016,4853698
6401,0,554719,4801727
6402,0,542921,4810429
6403,0,557302,4777209
6404,0,593902,4755663
6405,0,617178,4783109
6406,0,639974,4781874
6407,0,643137,4761113
6408,0,618264,4772823
6409,0,520806,4774964
6410,0,669206,4752425
8000,0,630715.3162,4833649.808
8001,0,618123.2887,4832476.008
8002,0,618953.2256,4833493.034
8003,0,637890.8304,4839309.763
8004,0,638559.3348,4841271.982
8005,0,639848.6569,4843686.521
8006,0,639349.4735,4845684.947
8007,0,638800.8373,4847400.777
8008,0,627403.9526,4848767.688
8009,0,631566.763,4847649.487
8010,0,633063.9929,4848304.285
8011,0,628246,4844616
8012,0,624227.0397,4834723.659
8013,0,624833.5979,4842476.219
8014,0,624660.2956,4843556.65
8015,0,623859.1005,4845191.504
8016,0,636980.6397,4838578.349
8017,0,640640.8183,4841921.426
8018,0,642431.7117,4844485.088
8019,0,644934.2522,4846287.49
8020,0,650376.5232,4849155.632
8021,0,627741.4519,4832755.916
8022,0,621217.8892,4830394.577
8023,0,617428.6813,4827502.921
8024,0,625033.8393,4835000.178
8025,0,618182.2784,4832632.331
8026,0,619754.2339,4839621.274
8027,0,615596.9986,4840177.831
8028,0,621931.9265,4848401.024
8029,0,631645.9134,4847069.246
8030,0,631006.8421,4850304.541
8031,0,639956.4023,4843630.767
8032,0,638053.5953,4849397.294
8033,0,636537.9346,4853755.638
8500,0,653955.7529,4854824.669
8501,0,657381.0275,4856782.223
8502,0,665708.2751,4858931.735
8503,0,669886.7614,4859777.137
8750,0,622605.2705,4873477.302
8751,0,627614.2332,4874512.476
8752,0,624876.4541,4894368.405
8753,0,640393.1165,4856010.204
8754,0,632549.6879,4856621.343
8755,0,639927.4538,4859315.919
8756,0,637788.4142,4858580.319
8757,0,628655.8949,4853056.738
8758,0,626388.6615,4880589.164
8759,0,612644.3572,4852492.216
8760,0,620627.9618,4854955.295
8761,0,620096.4974,4857224.579
8762,0,618226.42,4864014.116
8763,0,623546.4692,4873112.188
8764,0,623430.6508,4879782.382
8765,0,623586.6774,4881712.621
8766,0,626767.3446,4855166.793
8767,0,626461.1349,4859263.311
8768,0,635515.3381,4856808.869
8769,0,637486.2499,4859220.787
8770,0,639587.3608,4860321.996
8771,0,639441.9851,4862230.72
8772,0,641570.9677,4872738.608
8773,0,640418.3622,4870167.212
9000,0,604963.7952,4823017.808
9001,0,610745.41,4830282.217
9002,0,611710.4522,4831753.644
9003,0,603948.3623,4834053.003
9004,0,614123.6564,4823604.216
9005,0,610464.5875,4818689.6
9006,0,614709.7654,4829305.701
9007,0,611200.18,4826447.635
9008,0,607591.016,4824671.689
9009,0,604238.6874,4825560.691
9010,0,600395.7249,4827953.049
9011,0,597768.0315,4827250.074
9012,0,609784.8296,4839956.024
9013,0,605590.5865,4839671.041
9014,0,599651.8499,4837911.138
9015,0,595019.0129,4836416.138
9016,0,611861.2037,4837546.608
9250,0,606537.7692,4812192.719
9251,0,603339.2923,4807939.094
9252,0,600391.7521,4803661.549
9253,0,596551.2192,4799355.215
9254,0,592752.0302,4796093.784
9255,0,591480.0591,4819613.609
9256,0,587330.5117,4834166.414
9257,0,577795,4831644
9500,0,591780.8054,4789525.895
9501,0,592116,4791104
9750,0,560853.1983,4821566.915
9751,0,604468.2061,4914273.827
9763,0,540929.9931,4811662.609
9764,0,615425.0041,4885938.027
9765,0,609275.3056,4911815.256
